no,reviewId,reviewForm,rating,body,reviewDate,visitDate,createdRaw,visitedRaw,idTimestamp,visitCount,reviewer,originType,votedKeywords,reply,replyCreated
1,6a9647f4a7e102c50b7aad3b,텍스트·콘텐츠형,5,ë§ìê³  ì¹ìíê³  ê¹¨ëí´ì,2026-09-01,2026-09-01,9.1.í,9.1.í,2026-09-01T03:35:16+00:00,1,,ììì¦,ììì´ ë§ìì´ì | ê³ ê¸° ì§ì´ ì¢ìì | ë§¤ì¥ì´ ëì´ì | ì¹ì í´ì,,
2,6a9560e5159a9af999214da9,텍스트·콘텐츠형,5,"ì¸ë²ì§¸ ë°©ë¬¸ì¤ ì ëì ì¤ëì´ ì²ìì´ë¤ì!
ë ë¨¹ë ëí ìê°ë¹ ëì  ì¤ëì ëí ìëê½ê°ë¹ ì£¼ë¬¸íì´ì. ì ëë©ë´ë ë°¥ì´ í¬í¨ëì§ ìëëì  ê³ ê¸°ìì´ ì ì¬ëë³´ë¤ ë§ìì. ìê°ë¹ê° ì ì¼ ë§ëì¤ ììëë° ìëê½ê°ë¹ë ììì ì¬ë¥´ë¥´ ë¹ìì ìì´ì ¸ì. ê°ì§ì ì¥ë°¥ íìê°ë½ì ê³ ê¸° íì  ì¹ì´ì ð ìëê½ê°ë¹ë ì¬ëìëë¤^^",2026-08-31,2026-08-31,8.31.ì,8.31.ì,2026-08-31T11:09:25+00:00,3,,ììì¦,ììì´ ë§ìì´ì | ê³ ê¸° ì§ì´ ì¢ìì | ë§¤ì¥ì´ ëì´ì | ë¨ì²´ëª¨ì íê¸° ì¢ìì | ì£¼ì°¨íê¸° í¸í´ì,,
3,6a950a39c76689948032ec96,텍스트·콘텐츠형,5,"ìë ê°ë ë¨ê³¨ê°ë¹ì§ì´ ììëë° ëíê°ë¹ ìê¸´ì´íë¡  ì¬ê¸°ë§ ì¤ê² ëë¤ì.
ë§¤ì¥ë ëê³  ê¹¨ëíê³  ì£¼ì°¨ í¸íê³  ìë¹í´ì£¼ìëë¶ë¤ë ë¤ ì¹ì í´ì ê¸°ë¶ì¢ê² ë¨¹ê³ ê°ì^^
ë¬´ìë³´ë¤ ê°ê²©ë ì¢ê³  ë§ìì´ì",2026-08-31,2026-08-31,8.31.ì,8.31.ì,2026-08-31T04:59:37+00:00,1,,ììì¦,ììì´ ë§ìì´ì | ê³ ê¸° ì§ì´ ì¢ìì | ì¸íë¦¬ì´ê° ë©ì ¸ì | ë§¤ì¥ì´ ëì´ì | ì¹ì í´ì,,
4,6a963d080f8d034a83ce2adf,텍스트·콘텐츠형,4,"ì§ìë¶ë¤ ì¹ì íìê³  ë¶ëª¨ëëª¨ìê³ ì¤ê¸°ì ì ë§ ì¢ìµëë¤. ì¸íë¦¬ì´ë íë¥­!!
ë¤ë§ ìê±´ë¬¼ì´ë¼ ì½ê°ì ìê±´ë¬¼ëìì ìì½ ãã..",2026-09-01,2026-08-31,9.1.í,8.31.ì,2026-09-01T02:48:40+00:00,1,,ììì¦,ê³ ê¸° ì§ì´ ì¢ìì | ììì´ ë§ìì´ì,,
5,6a93cbf0a9a0019c20c3739b,텍스트·콘텐츠형,5,ì§ìë¶ë¤ë ì¹ì íìê³  ììë ëë¬´ ë§ìì´ì,2026-08-30,2026-08-30,8.30.ì¼,8.30.ì¼,2026-08-30T06:21:36+00:00,1,,ììì¦,ììì´ ë§ìì´ì | ê³ ê¸° ì§ì´ ì¢ìì | ì¹ì í´ì | ë§¤ì¥ì´ ì²­ê²°í´ì | ì£¼ì°¨íê¸° í¸í´ì,,
6,6a92536755197c56b6f73d76,텍스트·콘텐츠형,5,ë§¤ì¥ì´ ëê³  ê°ì¡±ëª¨ìíê¸° ì¾ì í©ëë¤ ì§ìë¶ë¤ë ì¹ì íê³  ê³ ê¸° ë¶ëë½ìµëë¤. ë°°ë¶ë¥´ê² ë¨¹ê³  ê°ëë¤.,2026-08-29,2026-08-29,8.29.í ,8.29.í ,2026-08-29T03:35:03+00:00,1,,ììì¦,ììì´ ë§ìì´ì | ê³ ê¸° ì§ì´ ì¢ìì | ë§¤ì¥ì´ ëì´ì | ë¨ì²´ëª¨ì íê¸° ì¢ìì | ë§¤ì¥ì´ ì²­ê²°í´ì,,
7,6a956bbf0d6a5f7f304bf6f0,텍스트·콘텐츠형,5,ê³ ê¸° ë§ìê³  ì¥ë°¥ë ê°ì¶ìëë¤! ê°ì¡±ë¤ê³¼ ëª¨ìíê¸° ì¢ìì´ì!,2026-08-31,2026-08-28,8.31.ì,8.28.ê¸,2026-08-31T11:55:43+00:00,1,,ììì¦,ê³ ê¸° ì§ì´ ì¢ìì | ììì´ ë§ìì´ì | ë¨ì²´ëª¨ì íê¸° ì¢ìì | ë§¤ì¥ì´ ëì´ì,,
8,6a91681084b98328d87ad237,텍스트·콘텐츠형,5,"ê³ ê¸°ê° ë¶ëë½ê³  ìëë§ë ì ë¹íë ë§ìì´ì
í¹í ëì¥ì°ê°ë ë°ë¡ ëì¼ ì ìëê² ëë¬´ ì¢ìì´ì",2026-08-28,2026-08-28,8.28.ê¸,8.28.ê¸,2026-08-28T10:50:56+00:00,1,,ììì¦,ììì´ ë§ìì´ì | ê³ ê¸° ì§ì´ ì¢ìì | ë¨ì²´ëª¨ì íê¸° ì¢ìì | ë§¤ì¥ì´ ëì´ì | ì¹ì í´ì,,
9,6a90ff94937611d58be780f3,텍스트·콘텐츠형,5,ê³ ê¸°ê° ì§ì§ ëë¬´ ëë¬´ ì¢ê³  ë§ìì´ì ë°ì°¬ë ë§ìê³  ë§¤ì¥ì´ ìì²­ ëê³  ê³ ê¸ì¤ë¬ì´ë° ê°ê²©ì ì°©í´ì ëë¬´ ì¢ìì ì§ìë¶ë¤ì´ ì ë§ ì¹ì  íìê³  ëìì¹ ê°ì¡±ì¬ì§ ì¤íëì¤ë ë¬´ë£ë¼ì ê°ì¡± ìì¬ íê³  ì¬ì§ ì°ê¸°ë ì¢ê² ëë¼ê³ ì,2026-08-28,2026-08-28,8.28.ê¸,8.28.ê¸,2026-08-28T03:25:08+00:00,1,,ììì¦,ììì´ ë§ìì´ì | ê³ ê¸° ì§ì´ ì¢ìì | ìì´ ë§ìì | ë§¤ì¥ì´ ëì´ì | ì¹ì í´ì,,
10,6a8fb477fb9471992cd69f84,텍스트·콘텐츠형,5,"ì¸ì² ìµê³ ì ê°ë¹ ë§ì§
ë°ì°¬ ëë¬´ íë¥­íê³ 
ì§ìë¶ë¤ ì¹ì í¨ì ê°ëíì´ì",2026-08-27,2026-08-27,8.27.ëª©,8.27.ëª©,2026-08-27T03:52:23+00:00,1,,ììì¦,ììì´ ë§ìì´ì | ì¸íë¦¬ì´ê° ë©ì ¸ì | ì¹ì í´ì | ë§¤ì¥ì´ ì²­ê²°í´ì,,
11,6a8e6b79cefe89ae5ad01c6e,텍스트·콘텐츠형,5,"도화갈비
역시 맛있습니다
담엔 예약하고 룸으로",2026-08-26,2026-08-26,8.26.수,8.26.수,2026-08-26T04:28:41+00:00,1,ecojigu,영수증,가성비가 좋아요 | 특별한 메뉴가 있어요 | 양이 많아요 | 고기 질이 좋아요 | 음식이 맛있어요,,
12,6a8e6d499b547201c2a9689b,텍스트·콘텐츠형,5,"소문난 갈비집
도화갈비
맛집입니다^^
역시 소문대로 밑반찬두 다 맛있구
간만에 찐맛집 이였네요^^",2026-08-26,2026-08-26,8.26.수,8.26.수,2026-08-26T04:36:25+00:00,1,SM한1888,영수증,양이 많아요 | 가성비가 좋아요 | 단체모임 하기 좋아요 | 매장이 넓어요 | 뷰가 좋아요,,
13,6a8d2e53d1ae57db85f21b3c,텍스트·콘텐츠형,5,,2026-08-25,2026-08-25,8.25.화,8.25.화,2026-08-25T05:55:31+00:00,1,sel****,영수증,음식이 맛있어요 | 고기 질이 좋아요 | 양이 많아요 | 가성비가 좋아요 | 매장이 넓어요,,
14,6a8d24f114bb80799bdfd453,텍스트·콘텐츠형,5,너무 맛있는 인천 고기집이네요. 도화갈비에서 맛있는 추억 만들어보세요~^^,2026-08-25,2026-08-25,8.25.화,8.25.화,2026-08-25T05:15:29+00:00,1,White Pelli,영수증,음식이 맛있어요 | 고기 질이 좋아요 | 인테리어가 멋져요 | 매장이 넓어요 | 주차하기 편해요,,
15,6a8d25d64af5118e91ae66d6,텍스트·콘텐츠형,5,인천에 있는 도화갈비에서 소뼈맑은탕 한 그릇 먹었어요.  주차하기 편하고 매장도 넓고 바료 옆 투썸 카페와 연결되어 좋아요...^^,2026-08-25,2026-08-25,8.25.화,8.25.화,2026-08-25T05:19:18+00:00,1,lee****,영수증,인테리어가 멋져요 | 매장이 넓어요 | 주차하기 편해요 | 친절해요 | 매장이 청결해요,,
16,6a8d253d8586571126d08c8c,텍스트·콘텐츠형,5,인천 도화갈비에서 소뼈맑은탕 한 그릇 뚝딱 해치웠네요.  주차하기 편하고 매장도 넓고 바료 옆 투썸 카페와 연결되어 좋아요...^^,2026-08-25,2026-08-25,8.25.화,8.25.화,2026-08-25T05:16:45+00:00,1,도봉다람쥐,영수증,매장이 넓어요 | 친절해요 | 주차하기 편해요 | 가성비가 좋아요,,
17,6a8d2f3ea40aab359fbd73ed,텍스트·콘텐츠형,5,음식이 맛있고 여기 일하시는 분들이 너무 친절하십니다.,2026-08-25,2026-08-25,8.25.화,8.25.화,2026-08-25T05:59:26+00:00,1,holee78552,영수증,음식이 맛있어요 | 고기 질이 좋아요 | 양이 많아요 | 가성비가 좋아요 | 인테리어가 멋져요,,
18,6a8d9102206f86f58eec63e1,텍스트·콘텐츠형,5,"반찬 맛있고 런치 세트로 나와서 좋아요.
우선 주차 편하고 깔끔한 곳 찾고싶으면 추천합니다.

약간 과잉친절이긴한데... 친절합니다!",2026-08-25,2026-08-25,8.25.화,8.25.화,2026-08-25T12:56:34+00:00,1,룰루랄라라라라랄,영수증,매장이 넓어요 | 친절해요 | 음식이 맛있어요,,
19,6a8bdae97025ff780a5988f1,텍스트·콘텐츠형,5,잘 먹고 갑니다~!!!,2026-08-24,2026-08-24,8.24.월,8.24.월,2026-08-24T05:47:21+00:00,3,앨리시아19,영수증,음식이 맛있어요 | 고기 질이 좋아요 | 인테리어가 멋져요 | 매장이 넓어요 | 친절해요,,
20,6a8ab372d1b5988952218b0c,텍스트·콘텐츠형,5,너무 맛있어서 자주 방문하고 있어요,2026-08-23,2026-08-23,8.23.일,8.23.일,2026-08-23T08:46:42+00:00,1,YONNY90,영수증,음식이 맛있어요 | 고기 질이 좋아요 | 양이 많아요 | 특별한 메뉴가 있어요,,
21,6a897d9fe57adc76183a7356,텍스트·콘텐츠형,5,"너무 맛있어요! 
모든분들이 친절하시고 고기질도 너무 좋습니다!
집가까워서 자주 갑니다!",2026-08-22,2026-08-22,8.22.토,8.22.토,2026-08-22T10:44:47+00:00,1,Sognidoro,영수증,음식이 맛있어요 | 고기 질이 좋아요 | 매장이 넓어요 | 친절해요 | 매장이 청결해요,,
22,6a8e8774e51620eca5b655df,텍스트·콘텐츠형,5,"🍻1984년 주안가든으로 시작해서 바로 직전 우판등심으로 거쳐 현재까지 약 40년의 역사를 가진 식당이라고 합니다.
🥣회식이나 가족 모임 그리고 여러 단체 식사 등이 가능한 대형 고깃집으로 인천에서 모임 장소를 고민할 때 접근성과 실내 공간 그리고 음식의 맛 및 편의 시설까지 모두 균형 있게 갖춘 곳으로 인기를 끌고 있는 곳이지요.
🥩고기의 품질을 최우선으로 생각하며 균일한 기준의 원육을 사용하여 누구나 만족할 수 있는 맛을 유지하기 위해 노력하고 있다고 하는 오랜 전통을 가진 식당으로 고기 맛있습니다.",2026-08-26,2026-08-21,8.26.수,8.21.금,2026-08-26T06:28:04+00:00,1,가온미르아빠,영수증,음식이 맛있어요 | 고기 질이 좋아요 | 반찬이 잘 나와요 | 매장이 넓어요 | 차분한 분위기예요,,
23,6a8797e6eb6d0bcb8994e970,텍스트·콘텐츠형,4.5,"친절하고 밑반찬이 맛있어요.
다만 센스가 없었습니다.
테블릿으로 주문하는데 고기랑 후식냉면이랑 밤을 시켰습니다.
보통 고기집에 가면 주문한 손님에게 후식 냉면 언제드리는지 확인하는데, 그 과정없이 생고기와 냉면 모두 동시에 나오드라구여..
고기가 익지도 않았는데 냉면받은 적은 난생처음입니다..
생꽃갈비는 괜찮으나 양념꽃갈비는 쏘쏘입니다.",2026-08-21,2026-08-20,8.21.금,8.20.목,2026-08-21T00:12:22+00:00,1,쿤구,영수증,매장이 넓어요 | 재료가 신선해요 | 반찬이 잘 나와요 | 친절해요,,
24,6a86f7001473214e0feff992,텍스트·콘텐츠형,5,,2026-08-20,2026-08-20,8.20.목,8.20.목,2026-08-20T12:45:52+00:00,1,lmb****,영수증,음식이 맛있어요 | 매장이 넓어요 | 주차하기 편해요,,
25,6a85794fee29893531835825,텍스트·콘텐츠형,5,"맛있게 잘 먹었습니다.
깔끔하고 시원해요.",2026-08-19,2026-08-19,8.19.수,8.19.수,2026-08-19T09:37:19+00:00,1,idi****,영수증,음식이 맛있어요 | 고기 질이 좋아요 | 친절해요 | 매장이 청결해요,"안녕하세요 도화갈비 인천점입니다!
맛있게 드셨다니 진심으로 감사드립니다.
정성껏 준비한 보람을 느낍니다.
인천 맛집 추천으로 앞으로도 변함없는 맛으로 보답하겠습니다.
다시 한번 소중한 후기 남겨주셔서 감사드리며 늘 건강하고 행복한 나날 되시길 바랍니다.",8.20.목
26,6a854331a9a0019c203f655a,텍스트·콘텐츠형,5,"매장이 넓고 주차장이 잘 되어 있어요.
점심특선 메뉴가 알차요.",2026-08-19,2026-08-19,8.19.수,8.19.수,2026-08-19T05:46:25+00:00,2,라임초코,영수증,음식이 맛있어요 | 매장이 넓어요,"안녕하세요 도화갈비 인천점입니다!
매장이 넓고 주차장까지 잘 되어 있다고 좋게 봐주셔서 진심으로 감사드립니다.
점심특선 메뉴도 좋게 말씀해주셔서 진심으로 감사드립니다.
편하게 방문하실 수 있도록 앞으로도 신경 쓰겠습니다.
인천 대형 고기집으로서 더욱 정성을 다하겠습니다.
다시 한번 소중한 후기 남겨주셔서 감사드리며 늘 건강하고 행복한 나날 되시길 바랍니다.",8.20.목
27,6a854484f8dfb3ac271df94e,텍스트·콘텐츠형,5,"갈비도 맛있고 냉면도 맛있어요.
밑반찬이 잘 나와요.",2026-08-19,2026-08-19,8.19.수,8.19.수,2026-08-19T05:52:04+00:00,1,sana88,영수증,음식이 맛있어요 | 매장이 넓어요 | 단체모임 하기 좋아요,"안녕하세요 도화갈비 인천점입니다!
갈비도 냉면도 맛있게 즐겨주셨다니 정성껏 준비한 보람을 느낍니다.
밑반찬까지 잘 나온다고 좋게 봐주셔서 진심으로 감사드립니다.
앞으로도 한결같은 맛과 정성으로 보답하겠습니다.
인천 소갈비 맛집으로서 더욱 신경 쓰겠습니다.
다시 한번 소중한 후기 남겨주셔서 감사드리며 늘 건강하고 행복한 나날 되시길 바랍니다.",8.20.목
28,6a8527e6d2a9cf09c37321ae,텍스트·콘텐츠형,4.5,"점심때방문했어요.
서빙직원 친절하고 맛있게. 먹고갑니다~^^",2026-08-19,2026-08-19,8.19.수,8.19.수,2026-08-19T03:49:58+00:00,1,최춘미43,영수증,음식이 맛있어요 | 매장이 넓어요,"안녕하세요 도화갈비 인천점입니다!
점심시간에 찾아주셔서 진심으로 감사드립니다.
서빙 직원까지 친절하다고 좋게 봐주셔서 감사드립니다.
맛있게 드시고 가셨다니 정성껏 준비한 보람을 느낍니다.
인천 미추홀구 맛집으로서 앞으로도 한결같은 모습으로 보답하겠습니다.
다시 한번 소중한 후기 남겨주셔서 감사드리며 늘 건강하고 행복한 나날 되시길 바랍니다.",8.20.목
29,6a8508b1a5596ea1cd4eafcd,텍스트·콘텐츠형,5,"남편이랑 월미도 나들이 가기전 인천 맛집 검색해서 도화갈비 인천점 왔는데요. 와 주차장이 정말 잘 되어 있고 식다만으로 들어가니 고급진 느낌이 테이블마다 칸막이가 다 되어있고 룸도 있고 쾌적하니 너무좋더라구요. 갈비맛은 엄치척맛이였어요.
도톰하니 육즙도 나오고 숯향도 좋고 육회 양념맛이 끝내줬어요. 아주 만족스러운 저녁을먹었답니다. 단체모일 장소로도 좋을듯요. 아들들 데리고 또 가려구요.",2026-08-19,2026-08-18,8.19.수,8.18.화,2026-08-19T01:36:49+00:00,1,꽃보라86,영수증,음식이 맛있어요 | 고기 질이 좋아요 | 단체모임 하기 좋아요 | 주차하기 편해요 | 좌석이 편해요,"안녕하세요 도화갈비 인천점입니다!
월미도 나들이 가시는 길에 저희 매장 찾아주시고 이렇게 정성스러운 후기까지 남겨주셔서 진심으로 감사드립니다.
주차 걱정 없이 편하게 방문하실 수 있도록 넉넉한 주차공간을 마련해두었는데 만족스럽게 이용해주셨다니 뿌듯하네요.
테이블마다 칸막이와 룸으로 쾌적한 분위기를 느끼셨다니 저희도 기쁩니다.
갈비 맛까지 인정해주셔서 감사드리며 인천 갈비 맛집으로 앞으로도 변함없는 맛과 서비스로 보답하겠습니다.
다시 한번 소중한 후기 남겨주셔서 감사드리며 늘 건강하고 행복한 나날 되시길 바랍니다.",8.20.목
30,6a83f97b42aa2badd44a620e,텍스트·콘텐츠형,5,집 근처 도화갈비 자주 오는디 올때마다 잘 먹고 가요~^^,2026-08-18,2026-08-18,8.18.화,8.18.화,2026-08-18T06:19:39+00:00,2,앨리시아19,영수증,음식이 맛있어요 | 고기 질이 좋아요 | 매장이 넓어요 | 인테리어가 멋져요 | 친절해요,"안녕하세요 도화갈비 인천점입니다!
집 근처에서 자주 찾아주시고 이렇게 후기까지 남겨주셔서 진심으로 감사드립니다.
올 때마다 맛있게 드시고 가신다니 저희도 큰 힘이 됩니다.
앞으로도 한결같은 맛과 정성으로 보답하겠습니다.
인천 도화동 맛집으로서 더욱 신경 쓰겠습니다.
다시 한번 소중한 후기 남겨주셔서 감사드리며 늘 건강하고 행복한 나날 되시길 바랍니다.",8.20.목
31,6a830b721ccdcf1babd5039c,텍스트·콘텐츠형,5,"장소가 넓고 쾌적해요.
고기가 맛있어서 아가도 잘먹네요
밑에 투썸 카페도 넓고 쾌적해서 
밥먹고 후식 커피까지 한번에 해결하기좋아요",2026-08-17,2026-08-17,8.17.월,8.17.월,2026-08-17T13:24:02+00:00,1,lidiau,결제내역,음식이 맛있어요 | 고기 질이 좋아요 | 인테리어가 멋져요 | 매장이 넓어요,"안녕하세요 도화갈비 인천점입니다!
넓고 쾌적한 매장을 좋게 봐주셔서 진심으로 감사드립니다.
고기를 아가까지 잘 먹었다니 정성껏 준비한 보람을 느낍니다.
아래층 투썸플레이스까지 넓고 쾌적하게 이용하셨다니 저희도 기쁩니다.
식사 후 후식 커피까지 한번에 해결하실 수 있어 편리하셨다니 인천 가족외식 장소로서 더욱 정성을 다하겠습니다.
다시 한번 소중한 후기 남겨주셔서 감사드리며 늘 건강하고 행복한 나날 되시길 바랍니다.",8.20.목
32,6a82da0d87169d2c94011787,텍스트·콘텐츠형,4.5,맛있어요,2026-08-17,2026-08-17,8.17.월,8.17.월,2026-08-17T09:53:17+00:00,1,sp****,영수증,음식이 맛있어요 | 고기 질이 좋아요 | 인테리어가 멋져요 | 매장이 넓어요,"안녕하세요 도화갈비 인천점입니다!
맛있게 드셨다니 진심으로 감사드립니다.
고기 질이 좋다고 말씀해주셔서 정성껏 준비한 보람을 느낍니다.
멋진 인테리어와 넓은 매장까지 좋게 봐주셔서 감사드립니다.
인천 소고기 주안역 맛집으로서 앞으로도 한결같은 모습으로 보답하겠습니다.
다시 한번 소중한 후기 남겨주셔서 감사드리며 늘 건강하고 행복한 나날 되시길 바랍니다.",8.20.목
33,6a82cfa28d869c5c36af24e7,텍스트·콘텐츠형,5,"부모님 모시고 다녀왔어요! 돼지갈비
양념이 정말 맛있네요~ 밑반찬도 맛있어서 잘 먹었습니다😊😊😊",2026-08-17,2026-08-17,8.17.월,8.17.월,2026-08-17T09:08:50+00:00,1,스믈,영수증,음식이 맛있어요 | 반찬이 잘 나와요 | 인테리어가 멋져요 | 매장이 넓어요 | 주차하기 편해요,"안녕하세요 도화갈비 인천점입니다!
부모님 모시고 찾아주셔서 진심으로 감사드립니다.
돼지갈비 양념이 맛있다고 말씀해주셔서 정성껏 준비한 보람을 느낍니다.
밑반찬까지 맛있게 드셨다니 저희도 기쁩니다.
인천 돼지갈비 맛집으로서 앞으로도 한결같은 맛으로 보답하겠습니다.
다시 한번 소중한 후기 남겨주셔서 감사드리며 늘 건강하고 행복한 나날 되시길 바랍니다.",8.20.목
34,6a828369529dcbc3a33303b4,텍스트·콘텐츠형,4.5,"고기 질이 좋고 맛있어요
돌상도 잘 이용했어요",2026-08-17,2026-08-17,8.17.월,8.17.월,2026-08-17T03:43:37+00:00,1,mal198895,영수증,음식이 맛있어요 | 고기 질이 좋아요 | 인테리어가 멋져요 | 매장이 넓어요 | 단체모임 하기 좋아요,"안녕하세요 도화갈비 인천점입니다!
고기 질이 좋고 맛있게 드셨다니 정성껏 준비한 보람을 느낍니다.
돌상까지 잘 이용하셨다니 저희도 뜻깊은 시간에 함께할 수 있어 기쁩니다.
소중한 자리에 저희 매장을 찾아주셔서 진심으로 감사드립니다.
인천 가족외식 장소로서 앞으로도 정성을 다하겠습니다.
다시 한번 소중한 후기 남겨주셔서 감사드리며 늘 건강하고 행복한 나날 되시길 바랍니다.",8.20.목
35,6a819b467b920b7ac82bda60,텍스트·콘텐츠형,5,,2026-08-16,2026-08-16,8.16.일,8.16.일,2026-08-16T11:13:10+00:00,1,월광소류지,영수증,음식이 맛있어요,,
36,6a81883873d11ae33da9a00e,텍스트·콘텐츠형,5,할머니 생신잔치 왔습니다 깨끗하고 맛있고 너무 좋았어요,2026-08-16,2026-08-16,8.16.일,8.16.일,2026-08-16T09:51:52+00:00,1,바낫도로시,영수증,음식이 맛있어요 | 고기 질이 좋아요 | 인테리어가 멋져요,,
37,6a7ff95a5997a98d288beb2c,텍스트·콘텐츠형,5,부모님모시고 아이랑 왔는데 고기질도좋고 같이나오는 반찬도 정갈하니 맛있습니다~ 매장도 넓고 주차장도 넓어서 편하네요~!!,2026-08-15,2026-08-15,8.15.토,8.15.토,2026-08-15T05:30:02+00:00,1,amorJ,영수증,음식이 맛있어요 | 고기 질이 좋아요 | 재료가 신선해요 | 비싼 만큼 가치있어요 | 매장이 넓어요,,
38,6a7ff91458eee5c8da767126,텍스트·콘텐츠형,5,"우연히 들린 갈비 맛집 입니다 
매장이 넓고 크고 주차장도 잘되어 있구요
먹다가 중간에 사진 찍느라 몇개 못찍었네요
밑반찬도 잘나오고
갈비양념이 너무 달지 않아 맛있어요! 
가족끼리 외식오기 좋은곳인거 같아요!",2026-08-15,2026-08-15,8.15.토,8.15.토,2026-08-15T05:28:52+00:00,1,슈가플럼7,영수증,음식이 맛있어요 | 고기 질이 좋아요 | 비싼 만큼 가치있어요 | 반찬이 잘 나와요 | 매장이 넓어요,"안녕하세요 도화갈비 인천점입니다!
우연히 들르셨다가 좋은 인연으로 찾아주셔서 진심으로 감사드립니다.
넓고 쾌적한 매장과 편리한 주차까지 좋게 봐주셔서 뿌듯합니다.
밑반찬도 잘 챙겨드렸다니 다행이며 갈비양념이 너무 달지 않아 맛있다고 해주셔서 정성껏 준비한 보람을 느낍니다.
가족끼리 외식하기 좋은 곳이라 말씀해주셔서 인천 갈비 맛집으로서 더욱 정성을 다하겠습니다.
다시 한번 소중한 후기 남겨주셔서 감사드리며 늘 건강하고 행복한 나날 되시길 바랍니다.",8.20.목
39,6a7ff9dde1f4b74d06f3866e,텍스트·콘텐츠형,5,고기가 맛있고 반찬들이 깔끔해요! 반찬들도 다 하나같이 맛있어서 다음에 또 오고 싶어요!,2026-08-15,2026-08-15,8.15.토,8.15.토,2026-08-15T05:32:13+00:00,1,Irreplaceable,영수증,음식이 맛있어요 | 매장이 넓어요,,
40,6a7ff9efb9d385442dcd4467,텍스트·콘텐츠형,5,"몇번째 오는지 모르겠어용! 가성비도 좋고 
식당 내부가 넓어서 너무 좋아요^^  외식때 자주 오게되네용 

평일에는 조용하면서 더 좋아용~~ 👍👍👍",2026-08-15,2026-08-15,8.15.토,8.15.토,2026-08-15T05:32:31+00:00,1,jiheeqkq,영수증,음식이 맛있어요 | 가성비가 좋아요 | 메뉴 구성이 알차요 | 음식이 빨리 나와요,,
41,6a7fed728b6a8f8434e9fe72,텍스트·콘텐츠형,5,"부모님 생신이라 처음 방문했어요
고기도 맛있고 반찬도 정갈해요
포토존도 있고 생신상 서비스도 있어서 너무 맛있게 먹었어요
직원분들이 친절하게 잘 해주셔서 편안하게 식사했습니다
주차 걱정도 없고 또 방문하고 싶네요",2026-08-15,2026-08-15,8.15.토,8.15.토,2026-08-15T04:39:14+00:00,1,마미대디,영수증,음식이 맛있어요 | 인테리어가 멋져요 | 단체모임 하기 좋아요 | 친절해요 | 주차하기 편해요,,
42,6a7feca3b3374a13a82d9e98,텍스트·콘텐츠형,5,너무 맛있어요 가족모임에 넘 좋아요,2026-08-15,2026-08-15,8.15.토,8.15.토,2026-08-15T04:35:47+00:00,1,포근구름,영수증,음식이 맛있어요 | 고기 질이 좋아요 | 양이 많아요 | 특별한 메뉴가 있어요 | 가성비가 좋아요,,
43,6a7ff85460df1dee55dc1f9b,텍스트·콘텐츠형,5,지인추천으로 부모님모시고 왔는데 너무 맛있어요!,2026-08-15,2026-08-15,8.15.토,8.15.토,2026-08-15T05:25:40+00:00,1,판다이스,영수증,음식이 맛있어요 | 고기 질이 좋아요 | 재료가 신선해요 | 반찬이 잘 나와요,,
44,6a7fec736c0ccb8402db4695,텍스트·콘텐츠형,5,완전 맛있고 고기도 부드럽습니다 숯도 좋은거 써서 진짜 맛있어요 다들 와서 드세용!!,2026-08-15,2026-08-15,8.15.토,8.15.토,2026-08-15T04:34:59+00:00,1,하루루루3,영수증,음식이 맛있어요 | 양이 많아요 | 매장이 넓어요 | 단체모임 하기 좋아요,,
45,6a7feba2b4ba434f47cfbf50,텍스트·콘텐츠형,4.5,"고기도 맛있고
직원도 친절하고
좋은 시간 보냈습니다^^",2026-08-15,2026-08-15,8.15.토,8.15.토,2026-08-15T04:31:30+00:00,1,에지32,영수증,음식이 맛있어요 | 고기 질이 좋아요 | 양이 많아요 | 가성비가 좋아요,,
46,6a7fed368258edae378d47b0,텍스트·콘텐츠형,4.5,"가족단위로 오기 진짜 너무 좋고
룸 예약 진짜 너무너무 강추입니다💓
갈비도 너무 맛있고 친절하셔서 너무 행복한시간 잘 보냈습니다ㅜㅜ💓",2026-08-15,2026-08-15,8.15.토,8.15.토,2026-08-15T04:38:14+00:00,1,wnnsnn,영수증,음식이 맛있어요 | 고기 질이 좋아요 | 매장이 넓어요 | 친절해요 | 특별한 날 가기 좋아요,,
47,6a7fece56a39306893d0ff8f,텍스트·콘텐츠형,5,"어머님 생신이시라 가족끼리 식사하러 왔어요. 
주차하기 편해서 좋고 고기가 신선하고 정말 맛있네요. 양도 많고 밑반찬도 푸짐해요. 직원분도 너무 친절하셔서 기분좋게 식사하고 갑니다.",2026-08-15,2026-08-15,8.15.토,8.15.토,2026-08-15T04:36:53+00:00,1,kla****,영수증,음식이 맛있어요 | 고기 질이 좋아요 | 양이 많아요 | 재료가 신선해요 | 친절해요,,
48,6a7ff50651db72b4f4cd2d6d,텍스트·콘텐츠형,5,,2026-08-15,2026-08-15,8.15.토,8.15.토,2026-08-15T05:11:34+00:00,1,망둥이901,영수증,음식이 맛있어요 | 고기 질이 좋아요 | 친절해요 | 주차하기 편해요 | 단체모임 하기 좋아요,,
49,6a7ff11e602b2950a1e2196f,텍스트·콘텐츠형,5,"ㄱ
어머니 생신으로 가족회식 했어요. 룸으로 예약하고 갔는데 갈비 엄청맛있어서 모두 기분 좋게 먹고 왔어요. 시설 깔끔하고 단체로 오기 좋은 곳이에요. 그리고 가성비도 좋아요.",2026-08-15,2026-08-15,8.15.토,8.15.토,2026-08-15T04:54:54+00:00,1,뜬구름37,영수증,음식이 맛있어요 | 고기 질이 좋아요 | 인테리어가 멋져요 | 단체모임 하기 좋아요 | 아늑해요,,
50,6a7fef663eda09d2f233aec0,텍스트·콘텐츠형,4.5,"가족모임 예약해서 왔는데 돼지갈비가 안짜고 
너무 맛있네요",2026-08-15,2026-08-15,8.15.토,8.15.토,2026-08-15T04:47:34+00:00,1,zes****,영수증,음식이 맛있어요 | 고기 질이 좋아요 | 반찬이 잘 나와요 | 매장이 넓어요 | 인테리어가 멋져요,,
51,6a7fef0f7bfe0e1612c5ab0d,텍스트·콘텐츠형,5,가격대비 맛도 좋고 고기도 부드러워요.,2026-08-15,2026-08-15,8.15.토,8.15.토,2026-08-15T04:46:07+00:00,1,sal****,영수증,음식이 맛있어요 | 고기 질이 좋아요 | 인테리어가 멋져요 | 매장이 넓어요 | 단체모임 하기 좋아요,,
52,6a7efa3f65c5fb6bc9c9d008,텍스트·콘텐츠형,5,맛은 당연히 맛있고.. 서비스 마인드가 너무 좋으시네요.. 할머님이랑 부모님 모시고 왔는데 제대로 대접했습니다 ㅎㅎ,2026-08-14,2026-08-14,8.14.금,8.14.금,2026-08-14T11:21:35+00:00,1,andueno,영수증,음식이 맛있어요 | 친절해요,,
53,6a7ee7fb4cfe016e7bfc6a75,텍스트·콘텐츠형,5,도화동에맛집  정말 고기연하고 반찬 깔끔해서좋았어요,2026-08-14,2026-08-14,8.14.금,8.14.금,2026-08-14T10:03:39+00:00,1,back10099,영수증,음식이 맛있어요 | 고기 질이 좋아요,,
54,6a7eba09f96ebd18ebe32eff,텍스트·콘텐츠형,5,두 번째 방문이에요. 지난번에도 느꼈지만 직원들이 정말 친절하세요. 음식도 정말 맛있고요. 잘 먹었습니다. ^^,2026-08-14,2026-08-14,8.14.금,8.14.금,2026-08-14T06:47:37+00:00,1,pop****,영수증,음식이 맛있어요 | 매장이 넓어요 | 친절해요 | 매장이 청결해요,,
55,6a7f1e8aa966aa37e4a789a4,텍스트·콘텐츠형,5,"인천 도화역 근처에서 특별한 저녁을 기대하며 찾은 곳이 있어요. 이름부터 눈길을 사로잡는 '도화갈비 인천점'인데요. 평소 고깃집에서의 저녁 시간을 즐기는 편이다 보니, 이번엔 또 어떤 매력이 나를 사로잡을까 싶어 방문해봤어요. 고급스러우면서도 편안한 분위기 속에서 ‘양념꽃갈비 한상’의 풍미를 만끽하며 색다른 데이트 시간을 보냈답니다.",2026-08-14,2026-08-14,8.14.금,8.14.금,2026-08-14T13:56:26+00:00,1,아티스트태이,영수증,음식이 맛있어요 | 고기 질이 좋아요 | 양이 많아요 | 특별한 메뉴가 있어요 | 혼밥하기 좋아요,,
56,6a7e990ec9d1784d36485034,텍스트·콘텐츠형,5,음식 너무 맛있고 친절하세여!! 주차공간도 100대넘게 있숩니다 굿,2026-08-14,2026-08-14,8.14.금,8.14.금,2026-08-14T04:26:54+00:00,1,ㅂㄴㅅ,영수증,음식이 맛있어요 | 고기 질이 좋아요 | 매장이 넓어요 | 친절해요 | 주차하기 편해요,,
57,6a7c38f71a66921981fce51d,텍스트·콘텐츠형,5,고기도 맛있고 직원분들도 다 친절하시고 너무 좋아요 고기가 진짜 부드러워서 이빨이 없어도 먹을 수 있을정도로 넘 맛있었어요 ㅎㅎㅎ 매장도 넓고 깨끗해서 쾌적하고 가족들과 중요한 일 있을때도 매우 좋을거 같았어요 ㅎㅎ,2026-08-12,2026-08-12,8.12.수,8.12.수,2026-08-12T09:12:23+00:00,1,라리링뉴,영수증,음식이 맛있어요 | 고기 질이 좋아요 | 반찬이 잘 나와요 | 메뉴 구성이 알차요 | 매장이 넓어요,"안녕하세요 도화갈비 인천점입니다!
고기도 맛있고 직원분들도 좋게 봐주셔서 진심으로 감사드립니다.
고기가 부드럽다는 말씀에 저희도 정성껏 준비한 보람을 느낍니다.
매장이 넓고 깨끗해서 쾌적하다고 느끼셨다니 저희도 기쁩니다.
가족들과 중요한 자리에도 좋을 것 같다고 말씀해주셔서 감사하며 인천 가족외식 장소로 앞으로도 변함없는 맛과 서비스로 보답하겠습니다.
다시 한번 소중한 후기 남겨주셔서 감사드리며 늘 건강하고 행복한 나날 되시길 바랍니다.",8.20.목
58,6a7bdffd0d300b43be146202,텍스트·콘텐츠형,5,굿,2026-08-12,2026-08-12,8.12.수,8.12.수,2026-08-12T02:52:45+00:00,5,이프1772,영수증,음식이 맛있어요 | 고기 질이 좋아요 | 양이 많아요 | 특별한 메뉴가 있어요 | 가성비가 좋아요,,
59,6a7bdc502983b59c67f486c7,텍스트·콘텐츠형,5,"3번째 방문
ㅎ
먹어도 먹어도  고기 질이 너무좋아서
맛나요
친절은  덤 ~^^",2026-08-12,2026-08-11,8.12.수,8.11.화,2026-08-12T02:37:04+00:00,3,썬샤인사랑,영수증,음식이 맛있어요 | 고기 질이 좋아요 | 양이 많아요 | 매장이 넓어요 | 친절해요,,
60,6a7ab24642aa2badd4530146,텍스트·콘텐츠형,3.5,,2026-08-11,2026-08-11,8.11.화,8.11.화,2026-08-11T05:25:26+00:00,2,y_h****,영수증,음식이 맛있어요,,
61,6a7a988929149648b3d0b134,텍스트·콘텐츠형,5,2번째 방문입니다. 오랜만에 보는 친구와 맛난 고기 먹으러 왔는데 역시 맛있네요. 평일 꽃갈비 한상은 냉면이나 솥밥 같이 나와서 가성비면에서 굿예요. 비빔냉면과 갈비는 환상조합^^마무리 매실주스까지 잘 먹었습니다.,2026-08-11,2026-08-11,8.11.화,8.11.화,2026-08-11T03:35:37+00:00,2,jsl****,영수증,음식이 맛있어요 | 매장이 넓어요 | 친절해요 | 주차하기 편해요 | 룸이 잘 되어있어요,"안녕하세요 도화갈비 인천점입니다!
두 번째 방문으로 오랜만에 친구분과 함께 찾아주셔서 진심으로 감사드립니다.
언제 오셔도 변함없이 맛있게 즐겨주셨다니 저희도 기쁩니다.
평일 꽃갈비 한상에 냉면이나 솥밥까지 함께 나와 가성비 좋다고 느껴주셨다니 정성껏 준비한 보람을 느낍니다.
비빔냉면과 갈비의 환상조합, 그리고 마무리 매실주스까지 즐거운 식사 되셨다니 인천 소갈비 맛집으로서 더욱 뿌듯합니다.
다시 한번 소중한 후기 남겨주셔서 감사드리며 늘 건강하고 행복한 나날 되시길 바랍니다.",8.20.목
62,6a797edf28499720dc8e4a9e,텍스트·콘텐츠형,4,,2026-08-10,2026-08-10,8.10.월,8.10.월,2026-08-10T07:33:51+00:00,1,센스은숙,영수증,고기 질이 좋아요 | 매장이 넓어요,,
63,6a76e682f272e7513689007a,텍스트·콘텐츠형,5,가족모임으로 방문했어요. 고기 질도 좋고 밑반찬도 맛있네요. 재방문 할 거 같아요~ 단체라 룸에서 먹었는데 프라이빗하고 좋아요. 가족모임으로 추천입니다!!!,2026-08-08,2026-08-08,8.8.토,8.8.토,2026-08-08T08:19:14+00:00,1,aye****,영수증,음식이 맛있어요 | 고기 질이 좋아요 | 반찬이 잘 나와요,,
64,6a76e6b5bc6e241fe4c7fc0f,텍스트·콘텐츠형,5,오랜만에 왔는데 역시 맛있어요 스파시스가 이렇게 변하다니 ㅎㅎㅎ 맛있게 먹었습니다. 가족들끼리 즐거운 시간 보냈습니다. 또 올게요 번창하세요 육회도 맛나고 갈비가 최고입니다,2026-08-08,2026-08-08,8.8.토,8.8.토,2026-08-08T08:20:05+00:00,1,똥주언니,영수증,음식이 맛있어요 | 고기 질이 좋아요 | 매장이 넓어요,,
65,6a76e667c5d132f40a45a991,텍스트·콘텐츠형,5,너무 맛있게 잘먹었습니다.,2026-08-08,2026-08-08,8.8.토,8.8.토,2026-08-08T08:18:47+00:00,1,세이00,영수증,음식이 맛있어요 | 고기 질이 좋아요 | 인테리어가 멋져요 | 매장이 넓어요,,
66,6a756aa311f3e3efed3b4a60,텍스트·콘텐츠형,5,고기질이 좋고 맛있어요!!!!,2026-08-07,2026-08-07,8.7.금,8.7.금,2026-08-07T05:18:27+00:00,1,y_h****,영수증,음식이 맛있어요 | 고기 질이 좋아요,,
67,6a75664106f4177bcebce0a1,텍스트·콘텐츠형,4.5,"고기가 맛있어서 먹느라 샐러드밖에 못찍었지만

맛있었어요, 또 올께요!!",2026-08-07,2026-08-07,8.7.금,8.7.금,2026-08-07T04:59:45+00:00,1,바보멍멍,영수증,음식이 맛있어요 | 고기 질이 좋아요,,
68,6a741a08bd81143acd034697,텍스트·콘텐츠형,5,잘 먹었습니다~!,2026-08-06,2026-08-06,8.6.목,8.6.목,2026-08-06T05:22:16+00:00,1,앨리시아19,영수증,음식이 맛있어요 | 코스요리가 알차요 | 건강한 맛이에요 | 인테리어가 멋져요 | 매장이 넓어요,,
69,6a71bcae18ef5d93af0332ba,텍스트·콘텐츠형,5,부모님 모시고 아기랑 방문했는데 너무 맛있고 매장도 넓고 쾌적하니 너무 좋아요❤️ 항상 올때마다 고기가 너무 맛있어요!! 재방문 강추❤️또 올게요><,2026-08-04,2026-08-04,8.4.화,8.4.화,2026-08-04T10:19:26+00:00,1,dld****,영수증,음식이 맛있어요 | 고기 질이 좋아요 | 메뉴 구성이 알차요 | 재료가 신선해요 | 매장이 넓어요,,
70,6a71a9004ed5bb6d44a65a2a,텍스트·콘텐츠형,5,"처음 방문한 도화갈비입니다. 지나가다 보기만 했는데 휴가겸 외식하러왔어요. 인테리어 깔끔하고 음식도 정갈해요. 돼지갈비 좋아하는 남편은 달달하니 맛있다고 하고, 분위기 좋고 연기 없이 쾌적해서 좋았어요. 잘 먹었습니다~",2026-08-04,2026-08-04,8.4.화,8.4.화,2026-08-04T08:55:28+00:00,1,날마다 선데이,영수증,음식이 맛있어요 | 인테리어가 멋져요 | 매장이 넓어요 | 단체모임 하기 좋아요 | 친절해요,"안녕하세요 도화갈비 인천점입니다!
지나가다 보시던 곳을 휴가 겸 외식으로 첫 방문해주셔서 진심으로 감사드립니다.
깔끔한 인테리어와 정갈한 음식까지 좋게 봐주셔서 뿌듯합니다.
남편분께서 돼지갈비를 달달하니 맛있다고 해주셨다니 정성껏 준비한 보람을 느낍니다.
연기 없이 쾌적한 분위기까지 만족해주셨다니 인천 돼지갈비 맛집으로서 더욱 정성을 다하겠습니다.
다시 한번 소중한 후기 남겨주셔서 감사드리며 늘 건강하고 행복한 나날 되시길 바랍니다.",8.20.목
71,6a71a65306dba3e4bb6fab3f,텍스트·콘텐츠형,5,"오픈 전부터 기대하다가 드디어 왔어요~ 고기가 너무 퀄리티 좋고 돼지갈비 양념도 맛있어요! 아이랑 오기도 너무 좋아요 좌석도 넓고 자리도 넓어요
다음에 가족모임하러 오려고 합니다~",2026-08-04,2026-08-04,8.4.화,8.4.화,2026-08-04T08:44:03+00:00,1,hyunyikim,영수증,음식이 맛있어요 | 고기 질이 좋아요 | 매장이 넓어요 | 친절해요 | 매장이 청결해요,,
72,6a71af844286103817e43916,텍스트·콘텐츠형,4,가족모임으로 왔는데 오늘 할머님께서 생신이셨습니다. 가게에서 이걸 미리 아시고 서비스를 챙겨주셨어요. 세심하게 챙겨주셔서 기분이 좋았어요.,2026-08-04,2026-08-04,8.4.화,8.4.화,2026-08-04T09:23:16+00:00,1,게임왕92,영수증,반찬이 잘 나와요 | 인테리어가 멋져요 | 단체모임 하기 좋아요 | 매장이 넓어요 | 친절해요,,
73,6a71699e8ce1c7201a8391ce,텍스트·콘텐츠형,5,"고가가 부드럽고
된장찌개 슴슴하니 맛있어요.
반찬으로 나오는 깻잎도 취향저격 ㅎ 맛있어요 ㅎ",2026-08-04,2026-08-04,8.4.화,8.4.화,2026-08-04T04:25:02+00:00,1,천사소녀57,영수증,메뉴 구성이 알차요 | 매장이 청결해요 | 주차하기 편해요 | 매장이 넓어요,,
74,6a7209fa92a36d7c7e446bb4,텍스트·콘텐츠형,5,아빠 생신 예약하고 갔는데 생신상 차림도 준비해 주셔서 넘 좋았습니다^^ 무엇보다 고기도 맛있고 밑반찬들도 다 맛있어요 밑반찬 비워짐 말안해도 친절히 채워 주셔서 감동 ㅋㅋ  가족들 만족 하셔서 앞으로 자주 갈듯 합니다^^,2026-08-05,2026-08-03,8.5.수,8.3.월,2026-08-04T15:49:14+00:00,1,먹고릴라공주,영수증,음식이 맛있어요 | 고기 질이 좋아요 | 친절해요 | 주차하기 편해요,"안녕하세요 도화갈비 인천점입니다!
아버님 생신을 저희 매장에서 함께해 주시고 생신상까지 좋게 봐주셔서 진심으로 감사드립니다.
고기뿐만 아니라 밑반찬까지 맛있게 즐겨주셨다니 정성껏 준비한 보람을 느낍니다.
말씀 안 하셔도 밑반찬을 채워드린 부분까지 알아봐주시고 감동이라 해주셔서 저희도 뿌듯합니다.
가족분들 모두 만족하셨다니 인천 가족외식 장소로서 더욱 정성을 다하겠습니다.
앞으로 자주 찾아주신다는 말씀 큰 힘이 되며 다시 한번 소중한 후기 남겨주셔서 감사드립니다.
늘 건강하고 행복한 나날 되시길 바랍니다.",8.20.목
75,6a706e11748910776f4d39b7,텍스트·콘텐츠형,5,,2026-08-03,2026-08-03,8.3.월,8.3.월,2026-08-03T10:31:45+00:00,1,투콩눈,영수증,주차하기 편해요 | 매장이 청결해요 | 친절해요 | 룸이 잘 되어있어요,,
76,6a70730082c673a39aca5d50,텍스트·콘텐츠형,4,"맛좋아요 
가족모임하기 좋네요주차도편하고
굿",2026-08-03,2026-08-03,8.3.월,8.3.월,2026-08-03T10:52:48+00:00,1,kan****,영수증,음식이 맛있어요 | 고기 질이 좋아요 | 혼밥하기 좋아요,,
77,6a706b78cc7e8bf620b4b60b,텍스트·콘텐츠형,5,👍👍👍👍👍👍,2026-08-03,2026-08-03,8.3.월,8.3.월,2026-08-03T10:20:40+00:00,1,won****,영수증,음식이 맛있어요 | 고기 질이 좋아요 | 인테리어가 멋져요 | 매장이 넓어요 | 차분한 분위기예요,,
78,6a706928e74e0d0fbef8eddc,텍스트·콘텐츠형,5,"맛난  양념갈비  생갈비  
살살 숫불에 구위서
먹어보는  맛
ㅎㅡㅡ맛있다
가족들과
행복한시간  ㅡㅡ",2026-08-03,2026-08-03,8.3.월,8.3.월,2026-08-03T10:10:48+00:00,2,썬샤인사랑,영수증,음식이 맛있어요 | 고기 질이 좋아요 | 양이 많아요 | 매장이 넓어요 | 단체모임 하기 좋아요,,
79,6a706be6d99d819586621ea5,텍스트·콘텐츠형,5,정말 맛있네용💕 자주 올꺼같아요!!!,2026-08-03,2026-08-03,8.3.월,8.3.월,2026-08-03T10:22:30+00:00,1,kim****,영수증,음식이 맛있어요 | 메뉴 구성이 알차요 | 매장이 넓어요 | 차분한 분위기예요 | 단체모임 하기 좋아요,,
80,6a706c1baee99c88d2690ba4,텍스트·콘텐츠형,5,너무 맛있어요 ㅠㅠ,2026-08-03,2026-08-03,8.3.월,8.3.월,2026-08-03T10:23:23+00:00,1,쁘니나,영수증,음식이 맛있어요 | 고기 질이 좋아요 | 매장이 넓어요 | 인테리어가 멋져요 | 단체모임 하기 좋아요,,
81,6a715975b1ce5c6fa5f0980b,텍스트·콘텐츠형,5,"도화갈비 인천점
점심식사 왔어요
지난번 생일식사도 맛있었는데
오늘 점심도 음식이 다 맛있고
분위기도 좋습니다

다음에 또 올거예요
친구들도 가족과 온다고 약속 했습니다~",2026-08-04,2026-08-03,8.4.화,8.3.월,2026-08-04T03:16:05+00:00,1,inh****,영수증,음식이 맛있어요 | 고기 질이 좋아요 | 가성비가 좋아요 | 인테리어가 멋져요 | 매장이 넓어요,,
82,6a700d542efab186de2b5f81,텍스트·콘텐츠형,3.5,맛있게 먹었습니다,2026-08-03,2026-08-03,8.3.월,8.3.월,2026-08-03T03:39:00+00:00,1,dan****,영수증,음식이 맛있어요 | 매장이 넓어요,,
83,6a71599c911327624d4784da,텍스트·콘텐츠형,5,"고기가 정말 맛있고 점심특선이
가격대가 적당해서 좋습니다!",2026-08-04,2026-08-03,8.4.화,8.3.월,2026-08-04T03:16:44+00:00,1,ㅁㄹ70,영수증,음식이 맛있어요 | 고기 질이 좋아요 | 양이 많아요,,
84,6a715163eab08d0f7facad97,텍스트·콘텐츠형,5,"새로 오픈해서 가족들이랑 가봤어요
주차장도 넓고 매장도 넓어서 첫인상부터 좋았어요
고기질도 좋고 고기 자체도 너무 맛있어요
또 반찬도 맛있고 즐거운 식사였습니다!",2026-08-04,2026-08-03,8.4.화,8.3.월,2026-08-04T02:41:39+00:00,1,셈빔,영수증,인테리어가 멋져요 | 매장이 넓어요 | 음식이 맛있어요 | 고기 질이 좋아요 | 친절해요,,
85,6a7159c5d3dc5c53932919ac,텍스트·콘텐츠형,5,맜있게 잘 먹었습니다,2026-08-04,2026-08-03,8.4.화,8.3.월,2026-08-04T03:17:25+00:00,1,ma****,영수증,음식이 맛있어요 | 고기 질이 좋아요 | 양이 많아요 | 특별한 메뉴가 있어요,,
86,6a7159ccec2e1cf539b66ec6,텍스트·콘텐츠형,5,넓고 직원분들도 빠르고 친절해서 회식 모임하기 좋은 가게 입니다~,2026-08-04,2026-08-03,8.4.화,8.3.월,2026-08-04T03:17:32+00:00,1,quoooo,영수증,인테리어가 멋져요 | 매장이 넓어요 | 단체모임 하기 좋아요,,
87,6a71503fadf92f3a4232c6ae,텍스트·콘텐츠형,5,"매장넓고 깨끗하고 음식이 다 맛나서 가족모임하고  오늘은 부모님과 점심식사하러 또 재방문했습니다~
오늘도 맛난 음식먹고 힐링하고 갑니다 ㅎ
주차장넓고 리뷰이벤트로 2층 투썸의 아메리카노선물까지 ^^
또 재방문할께요~
만족 만족 대만족 👍",2026-08-04,2026-08-03,8.4.화,8.3.월,2026-08-04T02:36:47+00:00,1,mks****,영수증,음식이 맛있어요 | 인테리어가 멋져요 | 매장이 넓어요 | 단체모임 하기 좋아요 | 친절해요,,
88,6a6de7147e905b556386f3bc,텍스트·콘텐츠형,4,반찬도 다양하고 생갈비랑 돼지갈비 맛있어요,2026-08-01,2026-08-01,8.1.토,8.1.토,2026-08-01T12:31:16+00:00,1,볼매90,영수증,음식이 맛있어요 | 고기 질이 좋아요 | 반찬이 잘 나와요 | 매장이 넓어요 | 친절해요,,
89,6a6dc9a18130104cb00f6c6b,텍스트·콘텐츠형,0.5,"일단 너무 덥고. 반찬도 20분 지나 나오고.
직원들 어슬렁만 거리고 친절함도 안느껴지고.
제일 중요한 고기.반찬.냉면 맛도 다 별로고.가격 대비 퀄리티도 잘 모르겠어요.
연수역에 있는 곳과 비슷하겠거니 하고 부모님 모시고 왔는데 대실망입니다..
오픈빨로 북적이는거지 다신 올것같지않아요.
20만원 가까이 쓰고왔는데 너무 아깝네요.",2026-08-01,2026-08-01,8.1.토,8.1.토,2026-08-01T10:25:37+00:00,1,지로 조아,영수증,주차하기 편해요,,
90,6a6dc89099b3e572daa354b0,텍스트·콘텐츠형,5,완전 ㅁ..있었습니다.,2026-08-01,2026-08-01,8.1.토,8.1.토,2026-08-01T10:21:04+00:00,1,AlexBae,영수증,고기 질이 좋아요 | 특별한 메뉴가 있어요 | 인테리어가 멋져요,,
91,6a6d81e2062357b4289c9a07,텍스트·콘텐츠형,4.5,며칠전에 방문하고  맛있어서 또 왔네요ㅋㅋ돼지갈비 맛있어요~다른 고기는 안먹어봐서 모르겠고 돼지갈비만큼 원픽이네요^^ 서비스도 완전 좋고~주차편하고~깨끗하고~모든게 굿입니다 ^^된장찌게를 처음 먹어보는데 완전 맹탕이라ㅠ오래 끊였는되도 뭔가 맛이 없네요~그래서 계산할때 말씀드렸더니 금액 빼주시네요 ㅎ.ㅎ굿~그리고 여기 예약할때 미리 사진촬영 얘기하면 무료 사진찍을수 있다네요 참고들하세요! 담에 부모님 생신때 단체 가족사진 찍어야겠네요ㅋ,2026-08-01,2026-08-01,8.1.토,8.1.토,2026-08-01T05:19:30+00:00,2,인천 야생마,영수증,음식이 맛있어요 | 재료가 신선해요 | 매장이 넓어요 | 단체모임 하기 좋아요 | 주차하기 편해요,"안녕하세요 도화갈비 인천점입니다!
며칠 전에 이어 또 방문해주셔서 진심으로 감사드립니다.
돼지갈비를 원픽으로 꼽아주실 만큼 맛있게 즐겨주셨다니 정성껏 준비한 보람을 느낍니다.
서비스와 주차, 매장 청결까지 좋게 봐주셔서 감사하며 인천 돼지갈비 맛집으로 앞으로도 변함없는 맛과 서비스로 보답하겠습니다.
다만 된장찌개가 맹탕으로 느껴지셨다니 죄송한 마음입니다. 소중한 말씀 반영하여 더 신경 쓰도록 하겠습니다.
저희 스튜디오 관련 정보까지 함께 말씀해 주셔서 감사드리며 부모님 생신 때 가족사진도 좋은 추억으로 남으시길 바라겠습니다.
다시 한번 소중한 후기 남겨주셔서 감사드리며 늘 건강하고 행복한 나날 되시길 바랍니다.",8.20.목
92,6a6c68e62cac459cc8c3948d,텍스트·콘텐츠형,5,"맑은 갈비탕 잘먹구 왔구요^^
친절하셔서 더 오게됩니당ㅎ
또올께옹❤",2026-07-31,2026-07-31,7.31.금,7.31.금,2026-07-31T09:20:38+00:00,4,이프1772,영수증,음식이 맛있어요 | 고기 질이 좋아요,,
93,6a6b3d24d5ed0959d0d0a10e,텍스트·콘텐츠형,5,음식이 맛있고 직원분들이 친절하세요!,2026-07-30,2026-07-30,7.30.목,7.30.목,2026-07-30T12:01:40+00:00,1,옹빈이네,영수증,음식이 맛있어요 | 고기 질이 좋아요 | 양이 많아요 | 주차하기 편해요 | 친절해요,,
94,6a6ac21193282f9833a8d068,텍스트·콘텐츠형,5,너무맛있어요,2026-07-30,2026-07-30,7.30.목,7.30.목,2026-07-30T03:16:33+00:00,1,소곱창히어로,영수증,음식이 맛있어요 | 매장이 넓어요 | 주차하기 편해요 | 매장이 청결해요 | 친절해요,,
95,6a6ac230089031c3496d4313,텍스트·콘텐츠형,5,"새로오픈했다고 친구와 런치먹으러왔어요~♡
깨끗하고 맛있어용",2026-07-30,2026-07-30,7.30.목,7.30.목,2026-07-30T03:17:04+00:00,1,전설러브,영수증,음식이 맛있어요 | 고기 질이 좋아요 | 매장이 넓어요 | 인테리어가 멋져요 | 친절해요,,
96,6a6abbdac226b1e18c2a1bb1,텍스트·콘텐츠형,5,맛있게 먹었어요,2026-07-30,2026-07-30,7.30.목,7.30.목,2026-07-30T02:50:02+00:00,1,wanggi76,영수증,음식이 맛있어요,,
97,6a6abbead7347522e47c5e50,텍스트·콘텐츠형,4.5,"오늘도 맛있게 먹고 갑니다.
엄마 모시고 왔는데 좋아하시네요ㅡ
담에 또 올께요ㅋㅅㅋ",2026-07-30,2026-07-30,7.30.목,7.30.목,2026-07-30T02:50:18+00:00,3,이프1772,영수증,음식이 맛있어요 | 고기 질이 좋아요 | 양이 많아요 | 특별한 메뉴가 있어요,,
98,6a6c44ddaf008f280103c266,텍스트·콘텐츠형,5,인천 도화역 근처에 신상 오픈한 대형식당 맛집이라고 입소문 자자해 예약 후 얼른 다녀왔어요! 생각보다 훨씬 홀이 넓었고 룸좌석뿐만 아니라 일반 좌석들도 프라이빗하게 칸막이 쳐져 있어 조용히 대화하며 식사 즐기기에 딱이더라구요! 직원 분들도 모두 친절하시고 음식 맛도 고급지고 깔끔해서 부모님 모시고 가족 모임이나 상견례 장소로도 좋아보였어요! 아래층에 초대형 투썸플레이스 카페도 오픈해서 식사 즐기고 카페까지 한번에 해결 할수 있답니다✨,2026-07-31,2026-07-28,7.31.금,7.28.화,2026-07-31T06:46:53+00:00,1,Whitedung17,영수증,고기 질이 좋아요 | 음식이 맛있어요 | 단체모임 하기 좋아요 | 친절해요 | 특별한 날 가기 좋아요,"안녕하세요 도화갈비 인천점입니다!
도화역 근처 신상 대형식당으로 소문 듣고 예약까지 해서 찾아주셔서 진심으로 감사드립니다.
생각보다 넓은 홀과 룸좌석, 그리고 일반 좌석까지 프라이빗하게 즐기실 수 있도록 신경 쓴 부분을 알아봐주셔서 뿌듯합니다.
직원들도 친절하게 느껴주셨다니 감사하고 음식 맛까지 고급지고 깔끔하다고 말씀해주셔서 기쁩니다.
부모님 모시고 가족 모임이나 상견례 장소로도 좋아보였다는 말씀에 인천 도화동 맛집으로서 더욱 정성을 다하겠습니다.
아래층 투썸플레이스까지 함께 이용하셔서 더욱 여유로운 시간 되신 것 같습니다.
다시 한번 소중한 후기 남겨주셔서 감사드리며 늘 건강하고 행복한 나날 되시길 바랍니다.",8.20.목
99,6a65e337e30a13abf70d1e05,텍스트·콘텐츠형,5,"깔끔하고 고급스러운 분위기,
정갈한 반찬과 양질의 고기 
잘 먹었습니다~ 가족모임장소로 추천해요!",2026-07-26,2026-07-26,7.26.일,7.26.일,2026-07-26T10:36:39+00:00,1,코코B,영수증,음식이 맛있어요 | 고기 질이 좋아요 | 인테리어가 멋져요 | 매장이 넓어요,"안녕하세요 도화갈비 인천점입니다.
정성스러운 리뷰 남겨주셔서 진심으로 감사드립니다.
정갈한 반찬과 양질의 고기로 만족스러운 식사 되셨다니 저희도 정말 기쁩니다.
앞으로도 인천 가족외식하기 좋은 곳으로 깔끔하고 고급스러운 분위기 잘 유지해 나가겠습니다.
다음에도 편안한 모임 장소로 찾아주시면 정성껏 모시겠습니다. 감사합니다.",7.28.화
100,6a65fa61f5e147b21758f202,텍스트·콘텐츠형,5,이번에 새로 생겼다고 해서 가족 모임으로 다같이 식사하게 되었는데 직원분들도 너무 친절하고 음식도 깔끔하고 맛있었어요^^ 정신 없으실텐데도 잘챙겨주셔서 감사합니다 개업 쿠폰 꼭 사용하러 가겠습니다~,2026-07-26,2026-07-26,7.26.일,7.26.일,2026-07-26T12:15:29+00:00,1,rhrlaks2,영수증,음식이 맛있어요 | 고기 질이 좋아요 | 반찬이 잘 나와요 | 단체모임 하기 좋아요 | 친절해요,"안녕하세요 도화갈비 인천점입니다.
소중한 리뷰와 따뜻한 응원 진심으로 감사드립니다.
개업 초라 정신없는 와중에도 좋게 봐주셔서 저희 직원들도 큰 힘이 되었습니다.
앞으로도 인천 가족외식하기 좋은 곳으로 늘 친절하고 정성스러운 모습 보여드리겠습니다.
개업 쿠폰도 편하게 사용하러 다시 와주세요.
다음 방문 때도 맛있고 깔끔한 식사로 보답하겠습니다. 감사합니다.",7.28.화
101,6a65e5eab7ab7f9bb5e0f3fb,텍스트·콘텐츠형,0.5,"기대하고 방문했는데, 정말 기대 이하였어요. 우선 음식들이 니맛도 내맛도 아니고, 직원들 서비스도 너무 별로 였네요. 음식값에 비해서 서비스는 정말 의문인 수준이네요. 모든것은 개인차이이긴 하지만 적어도 전 다시 방문의사 완전없네요. 
매장은넓고, 주차장도 넓긴해요.
(참고로, 꽃갈비, 채끝등심, 양녕갈비, 육회 다 먹었어요.)",2026-07-26,2026-07-26,7.26.일,7.26.일,2026-07-26T10:48:10+00:00,1,dlskfl0930,영수증,매장이 넓어요,"안녕하세요 도화갈비 인천점입니다.
기대하고 방문해 주셨는데 만족스러운 식사와 서비스를 드리지 못해 진심으로 죄송한 마음입니다.
음식 맛과 직원 응대 부분에서 부족함을 느끼셨다는 점, 무겁게 받아들이고 있습니다.
말씀해 주신 내용은 메뉴 품질 관리와 직원 서비스 교육 전반에 걸쳐 꼼꼼히 점검하고 개선해 나가겠습니다.
다시 방문 의사가 없으시다는 말씀 남겨주실 만큼 실망시켜 드린 점 다시 한번 사과드립니다. 소중한 의견 감사합니다.",7.28.화
102,6a6492efd547a5d309416866,텍스트·콘텐츠형,5,너무맛있게잘먹었습니다,2026-07-25,2026-07-25,7.25.토,7.25.토,2026-07-25T10:41:51+00:00,1,tnw****,영수증,음식이 맛있어요 | 인테리어가 멋져요,"안녕하세요 도화갈비 인천점입니다.
맛있게 잘 드셨다니 저희도 정말 기쁩니다.
앞으로도 인천 갈비 맛집이라는 이름에 걸맞게 한결같은 맛으로 보답하겠습니다.
다음에도 맛있는 식사로 다시 모시겠습니다. 감사합니다.",7.28.화
103,6a66ce6d5fc9776944e5752c,텍스트·콘텐츠형,2,시설이깨끗하고 가성비좋아요,2026-07-27,2026-07-25,7.27.월,7.25.토,2026-07-27T03:20:13+00:00,1,lbs****,영수증,매장이 넓어요 | 친절해요 | 매장이 청결해요,"안녕하세요 도화갈비 인천점입니다.
소중한 시간 내어 리뷰 남겨주셔서 감사드립니다.
좋게 봐주신 부분도 있었지만 기대에 충분히 미치지 못한 점이 있었던 것 같아 아쉽고 죄송한 마음입니다.
말씀해 주신 부분은 새겨듣고 더 나은 모습으로 보완해 나가겠습니다.
다음에 방문해 주신다면 이번보다 훨씬 만족스러운 경험 드릴 수 있도록 최선을 다하겠습니다. 감사합니다.",7.28.화
104,6a64438c8168d02602f680b2,텍스트·콘텐츠형,4.5,맛있도 친절해요,2026-07-25,2026-07-25,7.25.토,7.25.토,2026-07-25T05:03:08+00:00,1,연듀연,영수증,음식이 맛있어요 | 고기 질이 좋아요 | 양이 많아요 | 인테리어가 멋져요 | 매장이 넓어요,"안녕하세요 도화갈비 인천점입니다.
맛있고 친절하다는 좋은 말씀 남겨주셔서 감사드립니다.
앞으로도 인천 갈비 맛집이라는 이름에 걸맞게 맛과 친절, 두 가지 모두 놓치지 않고 챙기겠습니다.
다음에도 편안하게 방문해 주세요. 감사합니다.",7.28.화
105,6a642a8500bfb62a2c41bd96,텍스트·콘텐츠형,2.5,"새로생겻다고 해서 궁금해서 방문
일단 이X갈비 보다 갈비양이 매우 적어요
고기는 셀프로 구워먹어야 합니다 고기구워주는 서비스는 없어요 직원들은 많은데 직원들은 그냥 반찬 리필 이나 불판정도만 갈아줌 반찬들은 정갈하게 잘 나오는편이지만 재방문까지는 글쎄요ㅠㅠ",2026-07-25,2026-07-25,7.25.토,7.25.토,2026-07-25T03:16:21+00:00,1,블2,영수증,매장이 넓어요,"안녕하세요 도화갈비 인천점입니다.
새로 오픈한 매장이 궁금하셔서 방문해 주셨는데 기대에 미치지 못한 부분이 있었던 것 같아 아쉽습니다.
갈비 양과 서비스 부분에 대해 말씀해 주신 점, 무겁게 받아들이고 개선 방안을 검토해 보겠습니다.
정갈한 반찬은 좋게 봐주셔서 감사하며, 부족했던 부분들은 계속 보완해 나가겠습니다.
다음에 다시 찾아주신다면 이번보다 더 만족스러운 모습 보여드릴 수 있도록 노력하겠습니다. 감사합니다.",7.28.화
106,6a6036c75a8bc9b69e1952ef,텍스트·콘텐츠형,5,,2026-07-22,2026-07-22,7.22.수,7.22.수,2026-07-22T03:19:35+00:00,1,후늬5478,영수증,음식이 맛있어요 | 고기 질이 좋아요 | 인테리어가 멋져요 | 매장이 넓어요,"안녕하세요 도화갈비 인천점입니다.
소중한 리뷰 남겨주셔서 감사드립니다.
좋은 고기 질과 인테리어, 넓은 매장까지 두루 만족해 주셨다니 저희도 정말 기쁩니다.
앞으로도 인천 가족외식하기 좋은 곳으로 한결같은 맛과 분위기로 보답하겠습니다.
다음에도 편안하게 방문해 주세요. 감사합니다.",7.28.화
107,6a5f2dfddc974f99e8e78cae,텍스트·콘텐츠형,5,깔끔하고 너무 맛있습니당 다음에 부모님 모시고 또 오고 싶어요~~,2026-07-21,2026-07-21,7.21.화,7.21.화,2026-07-21T08:29:49+00:00,1,바닐라라떼6868,영수증,고기 질이 좋아요 | 음식이 맛있어요 | 매장이 넓어요 | 인테리어가 멋져요 | 단체모임 하기 좋아요,"안녕하세요 도화갈비 인천점입니다.
맛있게 드셨다니 저희도 정말 기쁩니다.
깔끔한 매장에서 만족스러운 시간 되셨다니 다행입니다.
앞으로도 인천 가족외식하기 좋은 곳으로 부모님 모시고 편안하게 찾아주실 수 있도록 정성껏 준비하겠습니다.
다음 방문 때 뵙기를 기다리고 있겠습니다. 감사합니다.",7.28.화
108,6a5df644fc3090ca8dff52dd,텍스트·콘텐츠형,5,"가족행사 모임으로 식사하러 왔는데, 편안한 분위기에서 맛있게 먹고 갑니다!
매장도 넓고, 고기도 부드럽고 맛있어요👍🏻
가족행사 있을 때마다 자주 이용할게요ㅎㅎ👍🏻",2026-07-20,2026-07-20,7.20.월,7.20.월,2026-07-20T10:19:48+00:00,1,상쿰소녀,영수증,음식이 맛있어요 | 고기 질이 좋아요 | 매장이 넓어요 | 단체모임 하기 좋아요 | 친절해요,"안녕하세요 도화갈비 인천점입니다.
가족행사로 소중한 시간 함께해 주셔서 진심으로 감사드립니다.
편안한 분위기에서 넓은 매장과 부드러운 고기까지 맛있게 즐기셨다니 저희도 정말 기쁩니다.
앞으로도 인천 가족외식하기 좋은 곳으로 한결같은 맛과 서비스로 보답하겠습니다.
가족행사 있으실 때마다 편하게 찾아주시면 정성껏 모시겠습니다. 감사합니다.",7.28.화
109,6a5c9fab42b40cd0cb96bdda,텍스트·콘텐츠형,5,"가족모임하기 너무 좋아요
갈비 맛도 좋네요",2026-07-19,2026-07-19,7.19.일,7.19.일,2026-07-19T09:58:03+00:00,1,monsterrra,영수증,음식이 맛있어요 | 인테리어가 멋져요 | 매장이 넓어요 | 단체모임 하기 좋아요 | 친절해요,,
110,6a5cad1527a68eb56f025e61,텍스트·콘텐츠형,5,"음식이 맛있어서 아이들이 많이 먹었어요!
주차도 편하고. 아랫층에 투썸 있어서, 
밥먹고 커피한잔하기도 좋아요",2026-07-19,2026-07-19,7.19.일,7.19.일,2026-07-19T10:55:17+00:00,1,찡짱0627,영수증,음식이 맛있어요 | 매장이 넓어요 | 매장이 청결해요 | 아이와 가기 좋아요,,
111,6a5c544cc6f0caa03e0fe3e6,텍스트·콘텐츠형,5,고기 질이 좋아요. 잘 먹었습니다,2026-07-19,2026-07-19,7.19.일,7.19.일,2026-07-19T04:36:28+00:00,1,박수민3021,영수증,음식이 맛있어요 | 고기 질이 좋아요 | 반찬이 잘 나와요 | 메뉴 구성이 알차요 | 매장이 넓어요,,
112,6a5e056af4d677d713e1b351,텍스트·콘텐츠형,5,"고기도 맛있고 나오는 기본찬들도 너무 맛있네요.
특히 직원들의 친절한 서비스 만족합니다:)",2026-07-20,2026-07-18,7.20.월,7.18.토,2026-07-20T11:24:26+00:00,1,SunJoo,영수증,음식이 맛있어요 | 고기 질이 좋아요 | 친절해요 | 매장이 청결해요 | 직접 잘 구워줘요,,
113,6a5b1d48e46aca8bc727d3b5,텍스트·콘텐츠형,4,"분위기며 음식이며 서비스며 다 좋았습니다
하지만 음식이 전체적으 달고 짰습니다
그리고 기본적인 마늘 고추 쌈장은 요청을 해야주십니다
고기나 식사메뉴 외에 주류음료 반찬요청은 벨을 별도로 눌러야해서 불편했습니다
그래도 직원분들 친절했습니다",2026-07-18,2026-07-18,7.18.토,7.18.토,2026-07-18T06:29:28+00:00,1,aeon47,영수증,단체모임 하기 좋아요 | 주차하기 편해요,,
114,6a5b003e8550ede2ed2f28eb,텍스트·콘텐츠형,5,맛나요,2026-07-18,2026-07-18,7.18.토,7.18.토,2026-07-18T04:25:34+00:00,2,lys****,영수증,음식이 맛있어요 | 고기 질이 좋아요 | 인테리어가 멋져요 | 매장이 넓어요 | 혼밥하기 좋아요,,
115,6a5a235ba7e41efd36877013,텍스트·콘텐츠형,5,"새로 오픈했다고 해서 가족들이랑 다녀왔는데, 꽃갈비 너무 너무 너무 맛있어요💚 고기 정말 부드럽고 반찬들도 깔끔하고 모두 맛있어서 또 방문하고 싶어요! 직원분들도 모두 친절하시고 매장도 깔끔하고 주차도 편해요👍🏼",2026-07-17,2026-07-17,7.17.금,7.17.금,2026-07-17T12:43:07+00:00,1,우1023,영수증,음식이 맛있어요 | 고기 질이 좋아요 | 매장이 넓어요 | 친절해요 | 매장이 청결해요,"안녕하세요 도화갈비 인천점입니다!
신규 오픈을 맞춰 가족분들과 방문해 주시고 저희 대표 메뉴인 꽃갈비와 반찬들까지 맛있게 드셔주셔서 정말 감사합니다.

저희는 인천 고기 맛집이자 인천 대형 고기집으로서 항상 일정한 품질의 고기와 쾌적한 환경, 친절한 서비스를 제공하기 위해 노력하고 있습니다.

편안한 주차와 넓은 매장을 갖추고 있어 인천 회식이나 인천 가족 모임하기 좋은 곳으로 언제든 편하게 방문해주시길 바랍니다.

다음에도 더욱 만족스러운 식사와 서비스로 보답하겠습니다!",7.20.월
116,6a5af928ec8cced79135dd40,텍스트·콘텐츠형,4.5,"리뷰올리려는데 영수증에 주소가 연수구로 나와 당황했네요^^/ 여기 돼지갈비 맛있네요~밑반찬도 좋고요!!더군다나 더 좋았던건 17번자리 담딩하셨던 아주머니(머리올리시고 안경쓰셨는데 이름표가 없더라고요)께서 너무 친절하게 해주셔서 완전굿굿였습니다!!혹시나 담에 계시면 팁드려야겠어요~헌금을 안갖고 다녀서~쩝!하여간에 돼지갈비 맛있어요ㅎㅎ250g에 ₩22,500원입니다 금액도 나쁘지않아요ㅋ",2026-07-18,2026-07-17,7.18.토,7.17.금,2026-07-18T03:55:20+00:00,1,인천 야생마,영수증,음식이 맛있어요 | 반찬이 잘 나와요 | 재료가 신선해요 | 인테리어가 멋져요 | 매장이 넓어요,,
117,6a58c7153fc28754495720a7,텍스트·콘텐츠형,4,반찬이깔끔하고 친절하고 맛있어요,2026-07-16,2026-07-16,7.16.목,7.16.목,2026-07-16T11:57:09+00:00,1,scalper77,영수증,음식이 맛있어요 | 고기 질이 좋아요 | 양이 많아요 | 특별한 메뉴가 있어요,,
118,6a58a9087819ea4873070ca4,텍스트·콘텐츠형,5,"넘넘친절하세요
아기 수저수푼 뿐만아니라 실리콘식판도 바로준비해 주시고 아기 미역국도 준비해주셨네요
아기랑 너무편하게 식사했어요:)",2026-07-16,2026-07-16,7.16.목,7.16.목,2026-07-16T09:48:56+00:00,1,goeun58,영수증,음식이 맛있어요 | 고기 질이 좋아요 | 매장이 넓어요 | 단체모임 하기 좋아요 | 친절해요,,
119,6a58675b2ebb00e9b78b1ba2,텍스트·콘텐츠형,5,처음왔는데 진짜 너무맛있고 회식으로 최고고 직원이모님들 너무 친절해요👍👍 자주오겠습니다!,2026-07-16,2026-07-16,7.16.목,7.16.목,2026-07-16T05:08:43+00:00,1,스타12,영수증,음식이 맛있어요 | 고기 질이 좋아요 | 단체모임 하기 좋아요 | 매장이 청결해요,,
120,6a585f1054374c544e1dd7c9,텍스트·콘텐츠형,5,"깨끗하고 맛있어요
가족나들이로 최고~",2026-07-16,2026-07-16,7.16.목,7.16.목,2026-07-16T04:33:20+00:00,1,여니천국,영수증,음식이 맛있어요 | 매장이 넓어요 | 주차하기 편해요,,
121,6a5aeeb914181385e41913f9,텍스트·콘텐츠형,5,"주차장 널찍해서 너무 편하고, 내부 시설도 정말 좋네요. 시설이 좋아서 비쌀 거 같았는데 가격도 합리적이고 고기맛도 좋아요.
1층에 투썸 정말 큰게 있어서 고기 먹고 커피 한잔 하기도 좋아서 가족 모임하기 딱이에요 ㅎㅎ
#인천맛집 으로 강추합니다👍🏻👍🏻",2026-07-18,2026-07-15,7.18.토,7.15.수,2026-07-18T03:10:49+00:00,1,Sbm,영수증,음식이 맛있어요 | 고기 질이 좋아요 | 인테리어가 멋져요 | 단체모임 하기 좋아요 | 주차하기 편해요,"안녕하세요 도화갈비 인천점입니다!
넓은 주차장과 시설, 고기 맛과 합리적인 가격까지 좋게 봐주셔서 정말 감사합니다.

저희는 인천 고기 맛집이자 인천 대형 고기집으로서 찾아주시는 분들께서 편안하게 식사하실 수 있도록 항상 일정한 품질의 고기와 쾌적한 환경을 제공하기 위해 노력하고 있습니다.

카페 동선까지 만족스러우셨다니 다행입니다. 인천 회식이나 인천 가족 모임하기 좋은 곳으로 언제든 편하게 방문해주시길 바랍니다.
다음에도 만족스러운 식사로 보답하겠습니다!",7.20.월
122,6a575669b86ab3eb6e929b49,텍스트·콘텐츠형,5,,2026-07-15,2026-07-15,7.15.수,7.15.수,2026-07-15T09:44:09+00:00,1,seo****,영수증,고기 질이 좋아요 | 음식이 맛있어요 | 양이 많아요 | 특별한 메뉴가 있어요 | 인테리어가 멋져요,,
123,6a58457ef83e3e080f8532b4,텍스트·콘텐츠형,5,"매장이 넓고 쾌적해서 좋아요
밑반찬도 정갈하니 양도많고 맛도 넘 좋아요 ㅎㅎ
고기도 신선하고 좋아요 ㅎㅎ",2026-07-16,2026-07-15,7.16.목,7.15.수,2026-07-16T02:44:14+00:00,1,pa61213,영수증,음식이 맛있어요 | 고기 질이 좋아요 | 뷰가 좋아요 | 단체모임 하기 좋아요 | 매장이 넓어요,,
124,6a5845ef5a51688b18546fcc,텍스트·콘텐츠형,4.5,"식당도 깔끔햐고  직원분들도 친절하여
다음에  또 오겠습니덩^^",2026-07-16,2026-07-15,7.16.목,7.15.수,2026-07-16T02:46:07+00:00,1,정준성동원쌤,영수증,음식이 맛있어요 | 인테리어가 멋져요 | 친절해요,,
125,6a584a1e221f1a393f4175d5,텍스트·콘텐츠형,4,"또또또왔습니당!
역시나 맛있고 친절하시고 깔끔하게
즐겁게 식사하고 갑니당~
지금 이대로만 쭈욱~~~~~!!!
ㄱㄱㄱ!
직원분들 모두 친절하셔서 감사했습니당!
번창하시고 부자되세용❤❤❤",2026-07-16,2026-07-15,7.16.목,7.15.수,2026-07-16T03:03:58+00:00,2,이프1772,영수증,고기 질이 좋아요 | 음식이 맛있어요 | 메뉴 구성이 알차요 | 친절해요 | 주차하기 편해요,,
126,6a5628fcdf7196cab108930f,텍스트·콘텐츠형,3,주차장 넓어서 주차하기 편했고 매장도 넓고 쾌적하니 좋았어요.  반찬까지도 깔끔하니 다 괜찮았음. 근데 돼지 양념갈비 먹었는데 돼지 냄새 나고 고기 퍽퍽했어요. (쩝쩝박사 돼지양념갈비 매니아임) 냉면이라도 맛있었음 좋았겠지만 평양냉면도 아닌 그냥 평양냉면 스타일의 맛이 없는 냉면.. 재방문의사 없어요,2026-07-14,2026-07-14,7.14.화,7.14.화,2026-07-14T12:18:04+00:00,1,김지은39,영수증,매장이 넓어요 | 단체모임 하기 좋아요 | 매장이 청결해요 | 주차하기 편해요,,
127,6a560e9ae39c5f69d6f67240,텍스트·콘텐츠형,5,"저희 엄마가 맛있다고 소개를 해줘서 방문 했어요!(엄마는 이번이 4번째 방문 ㅋ)
꽃갈비 고기가 정말 좋아요! 잡내없이 기름기도 적당해서 정말 맛있습니다. 솥밥과 된장찌개 조합도 좋고 후식 비빔냉면 꼭 드셔보세요~
저는 무엇보다 화장실에 변기 소독제가 비치되어있어서 마음에 들었습니다🥰 매장 청결함이 지금처럼 쭈욱~ 이어지면 좋겠어요!",2026-07-14,2026-07-14,7.14.화,7.14.화,2026-07-14T10:25:30+00:00,1,가을샐러드,영수증,음식이 맛있어요 | 고기 질이 좋아요 | 매장이 넓어요 | 단체모임 하기 좋아요 | 매장이 청결해요,"안녕하세요 도화갈비 인천점입니다!
단골이신 어머님의 추천으로 방문해 주셨다니 정말 감사하고 뿌듯한 마음입니다! 
고기의 맛과 식사 메뉴는 물론, 화장실 위생 요소를 세심하게 봐주셔서 진심으로 기쁩니다. 

저희는 인천 고기 맛집이자 인천 대형 고기집으로서 찾아주시는 고객님들께 언제나 최상급 고기 품질과 깨끗하고 쾌적한 식사 환경을 선사하기 위해 노력하고 있습니다.

앞으로도 말씀해 주신 청결함을 쭈욱 유지하여 인천 회식이나 인천 가족 모임하기 좋은 곳으로 늘 만족을 드리는 도화갈비가 되겠습니다.

다음에도 어머님과 함께 오셔서 기분 좋은 식사 나누시길 바랍니다. 감사합니다!",7.20.월
128,6a55ac304b0b6a9e145ef940,텍스트·콘텐츠형,5,"맛난고기와 소뼈맑은탕. 
느므느므. 맛있고 국물이 구수하니
좋아요
갈비탕 보다 더맛있어요
적극추천합니다",2026-07-14,2026-07-14,7.14.화,7.14.화,2026-07-14T03:25:36+00:00,1,ins****,영수증,음식이 맛있어요 | 고기 질이 좋아요 | 양이 많아요 | 인테리어가 멋져요 | 매장이 넓어요,,
129,6a55a6f1c726adbf2d5527cd,텍스트·콘텐츠형,5,"너무 맛있게 먹었어요!! 
종업원분들도 너무 친절하시고 고기도 맛있고 밑반찬도 너무 맛있어요!!
다음에 또 오려구요~!!",2026-07-14,2026-07-14,7.14.화,7.14.화,2026-07-14T03:03:13+00:00,1,ro****,영수증,음식이 맛있어요 | 고기 질이 좋아요 | 양이 많아요 | 특별한 메뉴가 있어요 | 인테리어가 멋져요,,
130,6a53722603ef0665a59dd870,텍스트·콘텐츠형,5,,2026-07-12,2026-07-12,7.12.일,7.12.일,2026-07-12T10:53:26+00:00,1,tmd****,영수증,음식이 맛있어요 | 고기 질이 좋아요 | 인테리어가 멋져요 | 매장이 넓어요 | 단체모임 하기 좋아요,,
131,6a537069662652729e34dd1f,텍스트·콘텐츠형,4.5,"꽃갈비 시켰는데 넘 맛있었어요 ^^   품질도 좋고 고기질이 넘 좋고 반찬도 기본템들이라 깔끔하고 양념도 넘세지않고 딱좋았어요 ㅋ 고기랑 같이 먹기도 좋아요!  술도 살얼음이!!!
여름이라 술온도에 민감한 남편이랑 시원하게 한잔했네요 ㅎㅎ 완전 추천합니다 ㅋㅋ도화 ic바로 옆이라 찾아가기도 쉬워요 버스정류장도 근처에있고요!주차창도 완전 넓어요!!! 담에 또올게요!!!",2026-07-12,2026-07-12,7.12.일,7.12.일,2026-07-12T10:46:01+00:00,1,콩콩이123458,영수증,음식이 맛있어요 | 고기 질이 좋아요 | 매장이 넓어요 | 인테리어가 멋져요 | 매장이 청결해요,"안녕하세요 도화갈비 인천점입니다!
저희 시그니처 꽃갈비의 뛰어난 고기질과 반찬, 그리고 더운 여름철 시원하게 준비해 드린 살얼음 주류까지 완벽하게 즐겨주셔서 정말 감사합니다!

저희는 인천 고기 맛집이자 인천 대형 고기집으로서 항상 일정한 품질의 고기와 쾌적한 환경을 제공하기 위해 노력하고 있습니다.

도화 IC 근처의 편리한 접근성과 넓은 주차장을 갖추고 있어 인천 회식이나 인천 가족 모임하기 좋은 곳으로 언제든 편하게 방문해주시길 바랍니다.
다음에도 남편분과 함께 시원하고 만족스러운 식사 하실 수 있도록 정성을 다해 보답하겠습니다!",7.20.월
132,6a5336dd0a83ab39f33d7d70,텍스트·콘텐츠형,5,"급하게 먹느라 음식 사진은 못찍었지만 주차 편하고 매장 쾌적하고 너무 맛있어요!
가족모임 하기도 정말 좋을 거 같아요
고기도 맛있고 된장찌개도 맛있어요!!",2026-07-12,2026-07-12,7.12.일,7.12.일,2026-07-12T06:40:29+00:00,1,시미시미해,영수증,음식이 맛있어요 | 고기 질이 좋아요 | 인테리어가 멋져요 | 매장이 넓어요,,
133,6a532d4ce662cb982714c999,텍스트·콘텐츠형,4.5,만족합니다.,2026-07-12,2026-07-12,7.12.일,7.12.일,2026-07-12T05:59:40+00:00,1,소주맘98,영수증,음식이 맛있어요 | 인테리어가 멋져요,,
134,6a53199f7f73b6e19d0911aa,텍스트·콘텐츠형,4.5,고기도 부드럽고 안타고 잘구워져서 넘맛있어요❤️주차도좋고 부모님모시고오기에 좋아요,2026-07-12,2026-07-12,7.12.일,7.12.일,2026-07-12T04:35:43+00:00,1,영맨607,영수증,음식이 맛있어요 | 고기 질이 좋아요 | 양이 많아요 | 특별한 메뉴가 있어요 | 재료가 신선해요,,
135,6a54712e974f61e5894c9b77,텍스트·콘텐츠형,5,,2026-07-13,2026-07-12,7.13.월,7.12.일,2026-07-13T05:01:34+00:00,1,복학생,영수증,음식이 맛있어요 | 매장이 넓어요,,
136,6a5315638cd27cff4af97983,텍스트·콘텐츠형,5,예약하고 방문했는데 바로 입장가능했고 맛있게 잘 먹었습니다:),2026-07-12,2026-07-12,7.12.일,7.12.일,2026-07-12T04:17:39+00:00,1,색다,영수증,음식이 맛있어요 | 인테리어가 멋져요 | 아이와 가기 좋아요 | 주차하기 편해요,,
137,6a530faa32a12d80243d3dc8,텍스트·콘텐츠형,4.5,"고기도 맛있고 넓어서 북적이지않아 좋았어요 ㅎㅎ
주차장도 넓어서 좋아요",2026-07-12,2026-07-12,7.12.일,7.12.일,2026-07-12T03:53:14+00:00,1,꼬미루루,영수증,음식이 맛있어요 | 고기 질이 좋아요 | 인테리어가 멋져요 | 매장이 넓어요,,
138,6a534f5fe29d3e9ff60f3d34,텍스트·콘텐츠형,4,갈비만먹다 불고기는 어떤지 궁금했는데 우선 반찬이 좀 다르네요..파불고기 따로 상추같은건없고 파채 당면사리 서비스로 더 주셨는데 맛도 괜찮고 돌솥밥 기본패키지로나오네요 좀 부족해서 1인분 꽃갈비시켜먹었네요 맛있게 잘먹었어요,2026-07-12,2026-07-12,7.12.일,7.12.일,2026-07-12T08:25:03+00:00,3,데레사1563,영수증,반찬이 잘 나와요 | 비싼 만큼 가치있어요 | 특별한 메뉴가 있어요 | 인테리어가 멋져요 | 매장이 넓어요,"안녕하세요 도화갈비 인천점입니다!
갈비뿐만 아니라 파불고기와 갓 지은 돌솥밥, 추가로 주문해주신 꽃갈비까지 맛있게 드셔주셔서 정말 감사합니다.

저희는 인천 고기 맛집이자 대형 고기집으로서 항상 일정한 품질의 고기를 제공하기 위해 노력하고 있습니다.

인천 회식이나 인천 가족 모임하기 좋은 곳으로 언제든 편하게 방문해주시길 바랍니다.
다음에도 만족스러운 식사로 보답하겠습니다!",7.20.월
139,6a530b8d4d82ab306147439f,텍스트·콘텐츠형,5,가족들이랑 외식하러 방문했는데 매장 내부가 깔끔하고 환기 시설이 잘 되어 있어서 옷에 냄새가 많이 안 배어 좋았습니다. 꽃갈지 너무 맛있어요. 담백한 꽃갈비 먼저 드시고 달달한 양념으로 넘어가는 걸 추천합니다. 주차도 편하고 서비스도 만족스러워서 다음에도 방문하려고요!,2026-07-12,2026-07-12,7.12.일,7.12.일,2026-07-12T03:35:41+00:00,1,한달빛,영수증,음식이 맛있어요 | 고기 질이 좋아요 | 양이 많아요 | 인테리어가 멋져요 | 친절해요,,
140,6a54f36cd7e036690ddf6d72,텍스트·콘텐츠형,5,"주차장 넓어요
매장도 넓어요
친절해요
양념갈비 먹었는데 부드러웠어요
반찬도 맛있어요
오픈한지 얼마안되서 그런지 깨끗하고 좋았어요
다 먹음 매실 한잔 주세요
고기를 구워 먹어야 하는건 빼곤 좋아요
아랫층에 커피숍도 있어서 좋아요",2026-07-13,2026-07-12,7.13.월,7.12.일,2026-07-13T14:17:16+00:00,1,호동이90,영수증,친절해요 | 주차하기 편해요 | 매장이 넓어요 | 고기 질이 좋아요 | 음식이 맛있어요,"안녕하세요 도화갈비 인천점입니다.
세세하게 리뷰 남겨주셔서 감사드립니다.
넓은 주차장과 매장, 부드러운 양념갈비까지 두루 만족해 주셨다니 저희도 기쁩니다.
오픈한 지 얼마 안 된 만큼 깨끗한 매장 환경 꾸준히 유지해 나가겠습니다.
식사 후 매실차와 아래층 커피숍까지 편하게 이용하실 수 있도록 세심하게 챙기는 인천 갈비 맛집으로 계속 노력하겠습니다.
다음에도 편안하게 방문해 주세요. 감사합니다.",7.28.화
141,6a53023e46795731992ace85,텍스트·콘텐츠형,5,도화동에 엄청 큰 갈비집이 생겄어요! 모임하기 좋고 갈비맛도 짱 !! 부모님 모시고 오기 좋습니다! 주차장도 넓어요 ^-&,2026-07-12,2026-07-12,7.12.일,7.12.일,2026-07-12T02:55:58+00:00,1,339****,영수증,음식이 맛있어요 | 고기 질이 좋아요 | 매장이 넓어요 | 단체모임 하기 좋아요 | 친절해요,,
142,6a51edde2cbab7a70044b59d,텍스트·콘텐츠형,5,"반찬도 맛있고,고기도 맛있고~
이러기 있기 없기?
친한언니덜과 왔는데,담번에는 엄마빠 모시고
올생각요~~~
숯불향기 기가 맥히네용ㅎ
추천용~❤❤❤",2026-07-11,2026-07-11,7.11.토,7.11.토,2026-07-11T07:16:46+00:00,1,이프1772,영수증,음식이 맛있어요 | 고기 질이 좋아요 | 양이 많아요 | 특별한 메뉴가 있어요 | 매장이 넓어요,,
143,6a51bf55597fd97e3e8196cc,텍스트·콘텐츠형,4.5,,2026-07-11,2026-07-11,7.11.토,7.11.토,2026-07-11T03:58:13+00:00,1,러브미70,영수증,음식이 맛있어요 | 고기 질이 좋아요 | 매장이 넓어요,,
144,6a51b4e0336c732f319f56e1,텍스트·콘텐츠형,5,고기 맛있어요 부드럽고 반찬도 정갈하고 매장도깨끗하고 주차장도넓고 직원분들도 친절하고주차장안내해주시는분들도 엄청? 친절하세요~ 짱 좋은곳이요~^^정성이느껴집니다~♡,2026-07-11,2026-07-11,7.11.토,7.11.토,2026-07-11T03:13:36+00:00,1,wgillea,영수증,음식이 맛있어요 | 고기 질이 좋아요 | 인테리어가 멋져요 | 매장이 넓어요 | 친절해요,,
145,6a507f980a83ab39f3b13380,텍스트·콘텐츠형,5,"진짜 맛있어요
가족들모임 짱입니다",2026-07-10,2026-07-10,7.10.금,7.10.금,2026-07-10T05:14:00+00:00,1,lys****,영수증,음식이 맛있어요 | 양이 많아요 | 가성비가 좋아요 | 친절해요 | 단체모임 하기 좋아요,,
146,6a4f11661f5553cb0d1dc4dc,텍스트·콘텐츠형,5,"맛있고, 인테리어도 굿🖒 화장실 내부 청결합니다.",2026-07-09,2026-07-09,7.9.목,7.9.목,2026-07-09T03:11:34+00:00,1,son****,영수증,고기 질이 좋아요 | 음식이 맛있어요 | 양이 많아요 | 매장이 넓어요,,
147,6a4e2f42fa49fd8a5c5b4e21,텍스트·콘텐츠형,5,"도화갈비 정갈한 반찬과 고기 너무 맛있어요
다음번엔 부모님 모시고 오려고요 :)
고기 정말 부드럽고 맛있습니다",2026-07-08,2026-07-08,7.8.수,7.8.수,2026-07-08T11:06:42+00:00,1,누룽지홍홍,영수증,음식이 맛있어요 | 고기 질이 좋아요 | 인테리어가 멋져요 | 매장이 넓어요 | 친절해요,,
148,6a4e2b01c38b0fd55ba19a71,텍스트·콘텐츠형,5,"돌잔치하려고방문~돌잔치상도 있어서 좋았어요 
답사차 고기먹으러 왔을때 만족해서 오게되었어요
처음에 솥밥 맛있어서 오늘도 추가했는데
오늘의 솥밥은 누룬게 거의 없어서 아쉬웠어요
직원분들 친절하고 세심하게 챙겨줍니다!
또 올 의사있어요!",2026-07-08,2026-07-08,7.8.수,7.8.수,2026-07-08T10:48:33+00:00,1,cpfl5522,영수증,음식이 맛있어요 | 매장이 넓어요 | 단체모임 하기 좋아요 | 친절해요,,
149,6a4e29be086b7046068d9f8c,텍스트·콘텐츠형,5,직원분도 친절하시고 마블링도 좋고 맛잇어요! 채끝은 육즙 많고 꽃갈비는 뼈부분도 맛있네요❤️,2026-07-08,2026-07-08,7.8.수,7.8.수,2026-07-08T10:43:10+00:00,1,Hwjeong30,영수증,음식이 맛있어요 | 고기 질이 좋아요 | 반찬이 잘 나와요 | 단체모임 하기 좋아요 | 특별한 날 가기 좋아요,,
150,6a4e2ab03c27a54b3bf2a73d,텍스트·콘텐츠형,4.5,고기 질이 미쳤습니다 마이야르 제대로 지글지글 너무맛잇네요 모임할수 잇는 룸도 잇어서 단체로 가기에도 좋고 주차장도 넓어요,2026-07-08,2026-07-08,7.8.수,7.8.수,2026-07-08T10:47:12+00:00,1,해촨들40,영수증,음식이 맛있어요 | 고기 질이 좋아요 | 반찬이 잘 나와요 | 매장이 넓어요 | 친절해요,,
151,6a4e01a67ea1728f9723d616,텍스트·콘텐츠형,5,예전 스파시스자리에 새로생긴 갈비집. 지나다 갈비가 먹고싶어 들러봤는데  돼지갈비 맛있고 야채샐러드랑 야채반찬 종류  많이나와서 맛있게 잘 먹었습니다. 직원분들 엄청 엄청 친절하세요.,2026-07-08,2026-07-08,7.8.수,7.8.수,2026-07-08T07:52:06+00:00,1,뽀리댁,영수증,음식이 맛있어요 | 매장이 넓어요 | 친절해요 | 매장이 청결해요,,
152,6a4e0b93f6db7a3f4455b044,텍스트·콘텐츠형,5,"남편이랑 점심 먹으로 왔는데.
점심세트인지 식사메뉴도 같이 나와서 배부르게 잘 먹고 갑니다",2026-07-08,2026-07-08,7.8.수,7.8.수,2026-07-08T08:34:27+00:00,1,잠만보여친35,영수증,음식이 맛있어요 | 고기 질이 좋아요 | 양이 많아요 | 차분한 분위기예요 | 친절해요,,
153,6a4db5698d92caf3596a8d79,텍스트·콘텐츠형,4.5,"우거지탕 국물이 끝내쥐요
와ㅡㄷ깨끗하고  맛있는  육스",2026-07-08,2026-07-07,7.8.수,7.7.화,2026-07-08T02:26:49+00:00,1,썬샤인사랑,영수증,음식이 맛있어요 | 고기 질이 좋아요 | 양이 많아요 | 인테리어가 멋져요 | 단체모임 하기 좋아요,,
154,6a4b71d7d5180f7282814e95,텍스트·콘텐츠형,5,"부모님과 함께 방문했어요.
분위기도 고급스럽고. 반찬들이 정성스럽네요 :)
고기도 부드럽고 맛있어요 🫡 기분 좋은 외식이에요.",2026-07-06,2026-07-06,7.6.월,7.6.월,2026-07-06T09:13:59+00:00,1,꼬륵17,영수증,인테리어가 멋져요 | 매장이 넓어요 | 음식이 맛있어요 | 고기 질이 좋아요 | 친절해요,,
155,6a49c5f6fc106785225945ab,텍스트·콘텐츠형,4,"3가지 고기 종류를 먹었는데 한우 채끝 등심이 가장 맛이 좋았어요. 도화 꽃갈비는 맛있고 부드러운것도 있고 질기고 잡내가 나는것도 있고 고기질이 좀 차이가 있었어요.
돼지 양념갈비는 양념이 너무 달아서 많이는 못 먹을거 같아요.
반찬은 깔끔하고 맛이 좋았습니다.
냉면은 평양식 이었는데 슴슴하니 맛이 좋았습니다.",2026-07-05,2026-07-03,7.5.일,7.3.금,2026-07-05T02:48:22+00:00,1,Alterego1120,영수증,음식이 맛있어요 | 고기 질이 좋아요 | 반찬이 잘 나와요 | 매장이 넓어요 | 매장이 청결해요,,
156,6a4794818d43eb34d6c82edb,텍스트·콘텐츠형,5,"새로 생긴 곳이라 궁금해서 와봤는데 정말 맛있습니다!
la갈비 좋아하시면 강추드립니다!",2026-07-03,2026-07-03,7.3.금,7.3.금,2026-07-03T10:52:49+00:00,1,gah****,영수증,음식이 맛있어요 | 고기 질이 좋아요 | 양이 많아요,,
157,6a474f65d6f06d2e9a82e647,텍스트·콘텐츠형,4,"국물 간도 괜찮고~
맛있게 잘 먹고 갑니다😌
매장도 깨끗하고
주차시설도 너무 잘되어 있어요!",2026-07-03,2026-07-03,7.3.금,7.3.금,2026-07-03T05:57:57+00:00,1,apm1,영수증,음식이 맛있어요 | 고기 질이 좋아요 | 특별한 메뉴가 있어요,,
158,6a4746b249c53f4c46cdd484,텍스트·콘텐츠형,5,"도화갈비 점심특선 먹었어요~
솥밥과 냉면중에 고룰수 있고 고기는 꽃갈비랑 주물럭도 있네요 
시그니쳐가 꽃갈비라 그것으로~~ LA갈비 처럼 나왔어요 두껍게 아주 맛있어요~~
점심특선에서는 식사가 서비스이니~추천합니다
너무 맛있어요
냉면은 물은 싱거운 감이 있고 비빔이 더 나앗어요~
솥밥은 짱~!!!
돌잔치 회갑등 연회도 가능하게 되어있네요",2026-07-03,2026-07-03,7.3.금,7.3.금,2026-07-03T05:20:50+00:00,1,홈말리2002,영수증,음식이 맛있어요 | 고기 질이 좋아요 | 인테리어가 멋져요 | 매장이 넓어요 | 단체모임 하기 좋아요,"안녕하세요 도화갈비 인천점입니다!
저희 점심특선 구성과 갓 지은 솥밥까지 맛있게 즐겨주시고 정성스러운 후기 남겨주셔서 정말 감사합니다.

냉면 맛에 대해 남겨주신 솔직한 의견도 감사히 참고하겠습니다.
저희는 인천 대형 고기집으로서 항상 일정한 품질의 고기와 훌륭한 식사를 제공하기 위해 노력하고 있습니다.

단체 연회석도 마련되어 있어 돌잔치, 회갑, 인천 회식이나 인천 가족 모임하기 좋은 곳으로 언제든 편하게 방문해주시길 바랍니다.
다음에도 더욱 만족스러운 식사로 보답하겠습니다!",7.20.월
159,6a473f4e45bc0deeb0a3a122,텍스트·콘텐츠형,5,처음 와봤는데 고기 진짜 맛있네요! 주차장도 크고 다들 친절하시고 너무 잘 먹었습니다~,2026-07-03,2026-07-03,7.3.금,7.3.금,2026-07-03T04:49:18+00:00,1,ssulmia,영수증,음식이 맛있어요 | 고기 질이 좋아요 | 인테리어가 멋져요 | 매장이 넓어요 | 친절해요,,
160,6a4bdf542ef6b260f60f0120,텍스트·콘텐츠형,5,"잠실 고기박사입니다.
월미도 가는 길에 방문하게 되었습니다.

고기 퀄리티가 정말 좋고 신선해서 만족스러웠습니다. 갈비는 부드럽고 육즙이 풍부했고, 함께 나오는 반찬들도 깔끔하고 맛있어서 고기와 잘 어울렸습니다. 특히 깻잎 장아찌? 가 독특하고 정말 맛있었습니다. 매장 내부도 넓고 깨끗하게 관리되어 있어 가족 외식이나 돌잔치, 회갑연에 방문하기도 좋을 것 같습니다. 직원분들이 친절하게 응대해 주셔서 기분 좋게 식사했네요.

식사 후에는 2층에 있는 투썸플레이스에서 커피와 디저트까지 즐길 수 있어서 코스처럼 이용하기 좋았습니다. 식사부터 후식까지 한곳에서 해결할 수 있어 더욱 만족스러웠어요. 다음에도 맛있는 갈비가 생각나면 다시 방문하고 싶은 곳입니다.",2026-07-07,2026-07-02,7.7.화,7.2.목,2026-07-06T17:01:08+00:00,1,bab****,영수증,음식이 맛있어요 | 고기 질이 좋아요 | 특별한 메뉴가 있어요 | 반찬이 잘 나와요 | 메뉴 구성이 알차요,,
161,6a4601e4ce93ca8a96356881,텍스트·콘텐츠형,5,"들어서자마자 인테리어가 너무 고급스럽고 깔끔해서 먹기 전부터 기분이 좋아지는 곳이었어요. 직원분들도 한 분 한 분 정말 친절하셔서 대접받는 느낌 제대로 받고 왔습니다.

이번에 꽃갈비, 양념꽃갈비, 돼지갈비까지 종류별로 먹어봤는데 고기 질이 정말 대박이에요. 입에서 살살 녹는 꽃갈비는 물론이고, 양념도 너무 자극적이지 않고 은은하게 맛있어서 끝도 없이 들어가더라고요.

고기 먹을 때 필수인 된장찌개도 구수하고 깊은 맛이 일품이었고, 마무리가 깔끔했던 냉면까지 모든 메뉴가 완벽했습니다. 너무너무 맛있게 먹어서 조만간 가족들이랑 외식하러 또 방문할 예정입니다. 재방문 의사 200%입니다!!👍👍",2026-07-02,2026-07-02,7.2.목,7.2.목,2026-07-02T06:15:00+00:00,1,yan****,영수증,음식이 맛있어요 | 고기 질이 좋아요 | 인테리어가 멋져요 | 매장이 넓어요 | 친절해요,,
162,6a45d7e390841bb4155af2d7,텍스트·콘텐츠형,4.5,"매장 너무 넓고 깨끗해서 모임하기 좋고
다들 넘 친절하세요",2026-07-02,2026-07-02,7.2.목,7.2.목,2026-07-02T03:15:47+00:00,1,sso****,영수증,음식이 맛있어요 | 고기 질이 좋아요 | 인테리어가 멋져요 | 매장이 넓어요 | 친절해요,,
163,6a52543df00244f45b4d76c4,텍스트·콘텐츠형,4,"새로 생겼다 해서 가족 특별한 행사 후 방문해보았어요. 
고기 맛있고 직원분들 친절하시고 좋더라구요.
다만 나중에 알았는데 개업기념으로 주시는 쿠폰이랑 타포린백은 저희만 못 받았나보네요.
6월도 7월도 다들 받으시는 것 같은데... 
별거 아니긴 한데, 모르고 있다 알게 되니 기분이 참 그렇네요.",2026-07-11,2026-06-27,7.11.토,6.27.토,2026-07-11T14:33:33+00:00,1,오이감자샐러드,영수증,음식이 맛있어요 | 고기 질이 좋아요 | 매장이 넓어요 | 매장이 청결해요 | 친절해요,,
164,6a3e061b284634c0cd0e9068,텍스트·콘텐츠형,4.5,맛있게 잘 먹었습니다~~ 인테리어가 정말 깔끔하네요,2026-06-26,2026-06-26,6.26.금,6.26.금,2026-06-26T04:54:51+00:00,1,웃자쟝,영수증,음식이 맛있어요 | 고기 질이 좋아요 | 양이 많아요,,
165,6a3df6830fd9473f9b21f4d9,텍스트·콘텐츠형,4.5,고기도 엄청 맛있어요 주차도 편해서 자주 방문하겠습니다!,2026-06-26,2026-06-26,6.26.금,6.26.금,2026-06-26T03:48:19+00:00,1,fv****,영수증,음식이 맛있어요 | 고기 질이 좋아요 | 양이 많아요,,
166,6a3df05d08ad25035ccff310,텍스트·콘텐츠형,5,"점심식사했는데 정말 맛있었어요 
주차장에서부터 안내해주시는 분들 다 깔끔하게 입으셔서 기분 좋았어요!
시설도 깨끗했고 자리에서 된장찌개 끓여먹는것도 좋았습니다
반찬들도 다 맛있었고 솥밥은 임금님 밥처럼 엄청 맛있었어용ㅋㅋ
재방문할 예정입니다!",2026-06-26,2026-06-26,6.26.금,6.26.금,2026-06-26T03:22:05+00:00,1,아리 에티,영수증,음식이 맛있어요 | 고기 질이 좋아요 | 특별한 메뉴가 있어요 | 비싼 만큼 가치있어요 | 재료가 신선해요,,
167,6a3dee717f0b77347fc952be,텍스트·콘텐츠형,5,"새로 오픈한 곳이라 깨끗하고 가성비 좋습니다. 직원분들은 엄청 친절하셔서 대접받는 느낌이였습니다~ 
이제 고깃집은 도화갈비로~",2026-06-26,2026-06-26,6.26.금,6.26.금,2026-06-26T03:13:53+00:00,1,bur****,영수증,음식이 맛있어요 | 가성비가 좋아요 | 인테리어가 멋져요 | 친절해요 | 주차하기 편해요,,
168,6a3caca961b3abbd92829eba,텍스트·콘텐츠형,4,"맛있는 점심 먹기 좋아요. 
분위기 업된 느낌.. ㅎ 
아쉬운건 고기를 내가 구워먹는다는게 조금 불편했음",2026-06-25,2026-06-25,6.25.목,6.25.목,2026-06-25T04:20:57+00:00,1,보고싶은 산그리메,영수증,음식이 맛있어요 | 고기 질이 좋아요 | 매장이 넓어요 | 매장이 청결해요,,
169,6a3bac1b22b4e6d410a9f82f,텍스트·콘텐츠형,5,"맛있다고 소문난 도화갈비에 다녀왔어요.
돼지양념갈비 2인분과 육회 반판, 그리고 칠성사이다를 주문했는데 조합이 정말 만족스러웠습니다.
돼지양념갈비는 양념이 달콤짭조름해서 고기 본연의 맛을 잘 살려주더라고요. 숯불 향이 은은하게 배어 있어 마지막 한 점까지 맛있게 먹었습니다.
육회 반판은 신선도가 좋고, 고소한 참기름 향과 부드러운 식감이 인상적이었습니다. 양념갈비와 함께 먹으니 느끼하지 않고 더욱 잘 어울렸어요.
반찬도 깔끔하게 나와 부족하면 편하게 리필할 수 있었고, 직원분들도 친절하게 응대해 주셔서 식사하는 내내 기분 좋았습니다.
가족 외식이나 소모임,돌잔치 등 각종 모임은 여기서 하면 좋을 것 같아요
고기 한점 스토리가 있는 도화갈비에서 함께 즐기고 싶은 소중한 사람과 오시면 좋을 것 같아요",2026-06-24,2026-06-24,6.24.수,6.24.수,2026-06-24T10:06:19+00:00,1,세이잔,영수증,음식이 맛있어요 | 고기 질이 좋아요 | 양이 많아요 | 매장이 넓어요 | 친절해요,,
170,6a3a72463638531dcdeb16a8,텍스트·콘텐츠형,3.5,"아이들 사이에서 맛집으로 유명한  도화갈비
다들 맛있다고 극찬 하는 곳이라고 초딩들 사이에서 안가본
애들이 없을 정도로 다 아는곳 !!!
그래서 아이들 데리고 식사 하러 갔는데!!!!!!
고기주문과 동시에 솥밥을 시켰는데,,, 고기들 두판을
다 구워 먹어도 나오지않고;30분을 기다린 솥밥;;
손님이 많았던것도 아니고 직원들이 없었던것도 아닌데
사과도 없고 금방나온다 이러시고 그러다가 추가해서
 갈비도 구워먹는데ㅠㅠ 냉면도 갈비가 다 사라져도
나올 기미가 안보이고  정중하게 냉면 안들어 갓으면 취소해달라고  확인하고 오신다더니,,담당자가 자를 비웠다고 ㅎ와,,대접 까지 바라는거 아닌데. 내돈주고 이렇게 불편한 식사를  하게 될줄이야;; 고기는 흠잡을곳없이 맛나요
단 서비스가 엉망이에요 실망했어요 
추천안함",2026-06-23,2026-06-23,6.23.화,6.23.화,2026-06-23T11:47:18+00:00,1,짱구도아,영수증,인테리어가 멋져요 | 매장이 넓어요 | 고기 질이 좋아요 | 화장실이 깨끗해요,,
171,6a3a0ba3e751c08c22cb6453,텍스트·콘텐츠형,5,"지인 세분과 가서 느낀점
1.일단 주차가 편했고
2.매장이 깔끔 쾌적했으며
3.기본 나오는 찬이 고급스럽고 맛이 좋았고
4.직원이 테이블을 상시 살펴서 굳이 말하지 않아도
   계속 기본 찬을 리필해주었고
5.돼지갈비 점심특선을 먹었는데 양념 고기질
   두께 맛이 다 수준있고 맛났습니다
6.후식으로 물냉을 시켰는데 대중적인것 좋아하는
   사람은 별로라고 하겟지만 냉면 마니아들은
   냉면에 점수를 잘줄수 있을것 같아요

모두방짜그릇을 사용해 고급스러우면서
손님과 가도 좋을 수준의 식당 이라고 생각합니다
앞으로 지인들에게 종종 추천할 곳으로 생각하고 있음",2026-06-23,2026-06-23,6.23.화,6.23.화,2026-06-23T04:29:23+00:00,1,대니,영수증,음식이 맛있어요 | 고기 질이 좋아요 | 인테리어가 멋져요 | 친절해요 | 주차하기 편해요,,
172,6a3bda4e91f6419984b929fa,텍스트·콘텐츠형,5,"오랜만에 가족들이랑 외식하러 갔는데 정말 맛있게 먹고 왔습니다! 
직원분들도 다들 친절하시고, 반찬도 깔끔하게 잘 나오고, 고기도 너무 맛있었어요.
다음에 또 방문하겠습니다:)",2026-06-24,2026-06-22,6.24.수,6.22.월,2026-06-24T13:23:26+00:00,1,konng,영수증,음식이 맛있어요 | 고기 질이 좋아요 | 메뉴 구성이 알차요 | 반찬이 잘 나와요 | 친절해요,,
173,6a37e1686dc7693f8482b166,텍스트·콘텐츠형,5,친목회  모임으로  왔는데 맛있게  먹고  가방도  주고  쿠폰도  주셔서  다음에  쿠폰쓰러  가야겠네요~~,2026-06-21,2026-06-21,6.21.일,6.21.일,2026-06-21T13:04:40+00:00,2,pms****,영수증,음식이 맛있어요 | 고기 질이 좋아요 | 매장이 넓어요 | 단체모임 하기 좋아요 | 친절해요,,
174,6a38c7e4120184a494900f2d,텍스트·콘텐츠형,5,"두번째방문
돼지갈비 먹고싶어서 재방문 달달하니 제입맛에 딱
일하시는분들 친절하시고 매장청결하고 주차하기편하고 여러모로 최고입니다",2026-06-22,2026-06-21,6.22.월,6.21.일,2026-06-22T05:28:04+00:00,2,dnflalsl117,영수증,음식이 맛있어요 | 가성비가 좋아요 | 친절해요,,
175,6a2f26251e9bff8836b34d53,텍스트·콘텐츠형,1.5,"가족식사로 새로 오픈한 도화갈비를 다녀오게 되었습니다. 다른분들 후기를 읽어보고갔는데...진심들 이셨는지 의문이가네요 ㅡㅡ
맘속으로 진짜 좋은 갈비집 탄생을 축하하며 갔는데 직원들의 서비스가 아직 많이 미숙해보였습니다. 자리를 안내할때 멀찌감치에서 저~~어기로 가세요 / 음식을 서빙할때 여기는 고기는 각자 구워야됩니다.안구워줍니다. .를 불친절하게 말씀하셨고/된찌를 가져다주는데 엄지손가락을 푹 담그고 테이블에 올려주셨으며/계산을 할때도 어이없게 불친절하게 ...자세히 언급하고싶지도 않네요. 갈비컨셉이 좋아서 우아~~했지만 그 많은 인분수의 갈비가 한접시에 나와서 고객이 알아서 무거운접시를 옆으로 건네주며 고기를 구워야되는것도 이해를 못하겠네요. 반찬은 맛있었습니다. 지금 초기이니 조금 신경써주시면 좋을듯..",2026-06-15,2026-06-14,6.15.월,6.14.일,2026-06-14T22:07:33+00:00,1,SINSIA,영수증,가성비가 좋아요 | 반찬이 잘 나와요 | 매장이 넓어요 | 컨셉이 독특해요 | 주차하기 편해요,,
176,6a2e2a97da8e1d7c6961e06b,텍스트·콘텐츠형,4,"동네에  고기집이 생겨 좋네요
주차장이 넓어 편해요
고기나 반찬은  쏘쏘 ~",2026-06-14,2026-06-14,6.14.일,6.14.일,2026-06-14T04:14:15+00:00,1,초록미라,영수증,주차하기 편해요 | 매장이 넓어요 | 잡내가 적어요 | 고기 질이 좋아요 | 음식이 맛있어요,,
177,6a2d13da5aaec4af63464055,텍스트·콘텐츠형,3,내돈내산 협찬리뷰가 많아 어떨지 걱정했는..2번째방문 나름 고기 반찬 맛있지만 대중교통으로가면 정류장위치도 애매하고 고속도로주변이라그런지 차가 막막오는곳이라 특히 조심해야되요 첫번째는 주말에갔는데 직원분 친절하셨는데 오늘은 대응능력이 그닥 반찬부족한것도 물어봐주셨는데 그냥 쳐다만보거나 얘기하지않으면 지나치네요 대형비싼?고깃집치고는 서비스 좀 개선하면 좋겠구요 오히려 아르바이트하는 모자쓴 친구들이 더 친절하네요,2026-06-13,2026-06-12,6.13.토,6.12.금,2026-06-13T08:24:58+00:00,2,데레사1563,영수증,고기 질이 좋아요 | 매장이 넓어요,,
178,6a2b6f8c020de5170c79ebbf,텍스트·콘텐츠형,5,좋아요,2026-06-12,2026-06-10,6.12.금,6.10.수,2026-06-12T02:31:40+00:00,1,kws****,영수증,음식이 맛있어요 | 고기 질이 좋아요 | 인테리어가 멋져요 | 매장이 넓어요 | 친절해요,,
179,6a26668c5fe636804a0a6ec1,텍스트·콘텐츠형,5,주물럭 꼭 드세요!! 너무 맛있어요 주차도 편하고 직원분들도 너무 친절해서 밥먹는데 기분 좋네요ㅎㅎ 자주 방문할게요~~,2026-06-08,2026-06-08,6.8.월,6.8.월,2026-06-08T06:51:56+00:00,1,너드,영수증,음식이 맛있어요 | 친절해요 | 매장이 청결해요 | 주차하기 편해요,,
180,6a262642f970fd9790da8bbb,텍스트·콘텐츠형,5,"도화갈비 새로오픈했다고해서 다녀왔어요 주차장도 너무 기대이상 잘되어있구 직원분들도 너무친절해서 기분이 좋았습니다.
돼지양념구이도 딱제입맛에 너무맛있었어요 
다음엔 가족들이랑 재방문해야겠습니다~",2026-06-08,2026-06-07,6.8.월,6.7.일,2026-06-08T02:17:38+00:00,1,초코초코56,영수증,음식이 맛있어요 | 고기 질이 좋아요 | 매장이 넓어요 | 단체모임 하기 좋아요 | 친절해요,,
181,6a262568d09d1342ddc36b17,텍스트·콘텐츠형,5,매장이  넓고  직원들이  친절하고  고기도  맛있어서  잘  먹고  갑니다,2026-06-08,2026-06-07,6.8.월,6.7.일,2026-06-08T02:14:00+00:00,1,pms****,영수증,음식이 맛있어요 | 고기 질이 좋아요 | 인테리어가 멋져요 | 매장이 넓어요 | 단체모임 하기 좋아요,,
182,6a251a14676886a66ad26053,텍스트·콘텐츠형,1,새로오픈해서 기대하고 갔는데 별로였습니다..카운터에 직원분 처음 들어갈때도 불친절했는데 식사 다하고 계산할때도 완전 불친절 ㅠㅠ  가격대비 서비스도 별로였고 고기 맛도 그저 그랬습니다 재방문 의사는 없습니다 ..ㅠ,2026-06-07,2026-06-07,6.7.일,6.7.일,2026-06-07T07:13:24+00:00,1,yuj****,영수증,,,
183,6a26461392ccd45848e6b52f,텍스트·콘텐츠형,5,귀찮아서 리뷰는 잘 안남기는데 점심에 친구들과 다같이 가서 먹었고 고기질도 좋고 지원분들도 친절하게 대해주셔서 잘먹고 갑니다,2026-06-08,2026-06-07,6.8.월,6.7.일,2026-06-08T04:33:23+00:00,1,chl****,영수증,음식이 맛있어요 | 고기 질이 좋아요 | 반찬이 잘 나와요 | 단체모임 하기 좋아요 | 친절해요,,
184,6a251c9298451d7339b0cc01,텍스트·콘텐츠형,5,"어머니 칠순잔치를 위해 방문했는데 기대 이상으로 만족스러웠습니다. 
스튜디오에 기본 상차림이 준비되어 있어 편했고, 저희가 추가로 장식해 더욱 뜻깊은 칠순상을 완성할 수 있었습니다. 
별도의 촬영 시간도 제공되어 가족사진을 여유롭게 남길 수 있었어요. 
단체룸은 문을 닫으면 방음이 잘 되어 가족끼리 편안하게 행사를 진행할 수 있었고, 
주차장도 넓어 손님들이 주차 걱정 없이 방문하셨습니다. 
직원분들은 바쁜 와중에도 친절하게 응대해 주셨고 세심하게 배려해 주셔서 감사했습니다. 
돼지갈비는 고기 질이 좋고 맛있었으며 냉면, 솥밥, 된장찌개까지 모두 만족스러웠습니다. 
초대한 손님들께서도 음식이 정말 훌륭하다며 칭찬을 많이 해주셔서 준비한 가족으로서 뿌듯했고, 덕분에 칠순잔치를 성공적으로 잘 마칠 수 있었습니다",2026-06-07,2026-06-06,6.7.일,6.6.토,2026-06-07T07:24:02+00:00,1,별50,영수증,음식이 맛있어요 | 고기 질이 좋아요 | 가성비가 좋아요 | 주차하기 편해요 | 룸이 잘 되어있어요,"안녕하세요 도화갈비 인천점입니다.
어머니 칠순잔치처럼 소중한 자리를 저희 매장에서 함께해 주셔서 진심으로 감사드립니다.
기본 상차림과 촬영 공간, 방음 잘 되는 단체룸까지 두루 만족스러우셨다니 저희도 정말 뿌듯합니다.
넓은 주차장과 세심한 직원 응대까지 좋게 봐주셔서 감사하며, 정성껏 준비한 돼지갈비와 냉면, 솥밥, 된장찌개까지 맛있게 드셨다니 다행입니다.
앞으로도 인천 가족외식하기 좋은 곳으로 큰 행사부터 소소한 모임까지 정성을 다해 모시겠습니다.
칠순잔치 성공적으로 잘 마치셨다니 저희도 함께 기쁩니다. 감사합니다.",7.28.화
185,6a2a129e5d4b78cc543e3835,텍스트·콘텐츠형,4.5,3번째 방문했어요ㅎㅎ,2026-06-11,2026-06-05,6.11.목,6.5.금,2026-06-11T01:42:54+00:00,2,벤뚱이,영수증,가성비가 좋아요 | 고기 질이 좋아요 | 음식이 맛있어요 | 매장이 넓어요 | 주차하기 편해요,,
186,6a1fddf632c89e942f217335,텍스트·콘텐츠형,5,"동네라 와봤는데 고기질 좋고 반찬도 깔끔하니 맛있어요
다만 냉면은 평양식이라는 안내가 필요할 것 같습니다
호불호 너무 갈려요 밍밍해서 다 남기고왔네요",2026-06-03,2026-06-03,6.3.수,6.3.수,2026-06-03T07:55:34+00:00,1,sum****,영수증,음식이 맛있어요 | 반찬이 잘 나와요 | 고기 질이 좋아요 | 매장이 넓어요,"안녕하세요 도화갈비입니다.

소중한 시간 내어 방문해 주시고 상세한 의견 남겨주셔서 감사합니다.

매장 청결도와 고기 맛에 만족해 주신 점은 큰 힘이 됩니다. 반면 직원 응대와 요청 사항 전달 과정에서 불편함을 드린 부분은 내부적으로 다시 한번 점검하겠습니다.

현재 오픈 초기 단계이다 보니 운영 과정에서 부족한 부분이 있었던 것 같습니다. 말씀해 주신 내용을 직원들과 공유하여 보다 체계적이고 편안한 서비스가 제공될 수 있도록 개선해 나가겠습니다.

앞으로는 맛뿐만 아니라 서비스와 운영 면에서도 만족하실 수 있는 도화갈비가 되겠습니다. 귀한 의견 진심으로 감사합니다.",6.23.화
187,6a1fc49a0299751754b5d101,텍스트·콘텐츠형,1.5,"일단 음식은  먹을만 합니다
서비스는 정말 이규모에 전문점이라고 하기엔 무색할 정도입니다
집에 얼굴이라 할수 있는 화장실 !
필수품인 화장지 부재와 청결하지 못했고 갈비를 직접구워먹어야하는것에 당황했어요
직원분들은 친절했습니다",2026-06-03,2026-06-03,6.3.수,6.3.수,2026-06-03T06:07:22+00:00,1,해바라기7838,영수증,단체모임 하기 좋아요,"안녕하세요, 도화갈비입니다.
우선 저희 음식을 맛보러 귀한 걸음 해주셨는데, 매장 관리와 시스템 안내 부족으로 아쉬움을 남겨드려 진심으로 죄송합니다.

매장의 얼굴인 화장실의 위생 상태와 비품 관리가 미흡했던 점은 저희의 불찰입니다. 또한 고기를 직접 구워 드셔야 하는 부분에 대해 미리 정중하게 안내해 드리지 못해 당황스러움을 겪게 해 드린 점 죄송합니다. 

지적해 주신 위생과 서비스 매뉴얼을 확인하여 조치하겠습니다 직원들의 친절함뿐만 아니라 공간 전체가 완벽한 인천 고기맛집이 되도록 노력하겠습니다. 소중한 한마디에 깊이 감사드립니다.",6.22.월
188,6a1ffaeccedda04872f6d013,텍스트·콘텐츠형,3.5,오픈한지 한달되어서 깔끔하고 고기도 나름 맛있는데..가격이 저렴하지는 않고 직원도 많은데 고기는 구워주는 집 아니네요 아직 오픈한지한달밖에 안되서 그런지 좀 어수선하네요 반찬 가져다달라고하니 제대로 전달이 안되네요..,2026-06-03,2026-06-03,6.3.수,6.3.수,2026-06-03T09:59:08+00:00,1,데레사1563,영수증,음식이 맛있어요 | 비싼 만큼 가치있어요 | 인테리어가 멋져요 | 매장이 넓어요 | 친절해요,"안녕하세요 도화갈비입니다.

소중한 시간 내어 방문해 주시고 상세한 의견 남겨주셔서 감사합니다.

매장 청결도와 고기 맛에 만족해 주신 점은 큰 힘이 됩니다. 반면 직원 응대와 요청 사항 전달 과정에서 불편함을 드린 부분은 내부적으로 다시 한번 점검하겠습니다.

현재 오픈 초기 단계이다 보니 운영 과정에서 부족한 부분이 있었던 것 같습니다. 말씀해 주신 내용을 직원들과 공유하여 보다 체계적이고 편안한 서비스가 제공될 수 있도록 개선해 나가겠습니다.

앞으로는 맛뿐만 아니라 서비스와 운영 면에서도 만족하실 수 있는 도화갈비가 되겠습니다. 귀한 의견 진심으로 감사합니다.",6.23.화
189,6a2009d04c06856fc71e4829,텍스트·콘텐츠형,4.5,맛있어요 반찬들도 다 정갈해서 단체 모임하기 좋을 거 같은데 아직 초반이라 그런지 서비스 적인 부분이 아쉽네요 젊은 알바친구들은 친절했어요,2026-06-03,2026-05-31,6.3.수,5.31.일,2026-06-03T11:02:40+00:00,1,쨜리뽀,영수증,음식이 맛있어요 | 단체모임 하기 좋아요 | 인테리어가 멋져요,"안녕하세요, 도화갈비입니다. 
우선 저희 매장을 방문해 주시고 정성 가득한 후기 남겨주셔서 감사드립니다.

저희 고기와 정갈한 찬들이 입맛에 맞으셨다니 다행이지만, 오픈 초반의 어수선함으로 인해 서비스적인 아쉬움을 드려 마음이 무겁습니다. 아르바이트 직원들의 친절함만큼이나 매장 전체의 접객 서비스가 매끄러워질 수 있도록, 부족했던 동선과 안내 시스템을 즉시 시정 조치하였습니다.

식사하실때 더욱 쾌적하고 품격 있는 식사를 즐기실 수 있도록 매일 철저히 관리하겠습니다. 언제 방문하셔도 만족스러운 인천 고기맛집이 되겠습니다. 귀한 소리 감사드립니다.",6.23.화
190,6a23bcf518e25c421d05c7d9,텍스트·콘텐츠형,5,부모님 모시고 가기 너무 좋아요 ☺️ 고기도 맛있고 반찬들도 너무 맛있어요! 다먹으면 직원분께서 더 필요하냐고 물어봐주시고 너무 친절하셔요! 맛있게 잘 먹고 왔어용 🤭,2026-06-06,2026-05-28,6.6.토,5.28.목,2026-06-06T06:23:49+00:00,1,꽃요정S2,영수증,음식이 맛있어요 | 고기 질이 좋아요 | 반찬이 잘 나와요 | 친절해요 | 주차하기 편해요,"안녕하세요, 도화갈비입니다!

소중한 부모님을 모시고 오시는 뜻깊은 자리에 저희 도화갈비가 함께할 수 있어 무척 큰 영광입니다. 고기와 정갈한 반찬들 모두 입맛에 맞으셨다니 사장으로서 더할 나위 없이 기쁘고 뿌듯합니다!

특히 저희 직원들의 친절함과 세심한 배려를 눈여겨보시고 칭찬해 주셔서 정말 감사합니다. 
빈 찬을 먼저 챙기는 작은 정성이 고객님 가족분들께 기분 좋은 식사 시간으로 기억된 것 같아 담당 직원도 큰 보람을 느낄 것 같습니다.

인천대형고기집답게 앞으로도 부모님을 비롯한 소중한 가족분들과 언제든 편안하고 쾌적하게 식사하실 수 있도록, 늘 한결같은 맛과 따뜻한 서비스로 모시겠습니다.

언제 방문하셔도 대접받는 기분을 느끼실 수 있는 인천 고기맛집이 될 테니, 다음 가족 모임 때도 언제든 편하게 발걸음해 주세요. 늘 건강하고 행복 가득하시길 바랍니다!",6.23.화
191,6a1824cf208dd5bb47e7dd86,텍스트·콘텐츠형,5,"고기가 정말 맛있고 양념이 답니다.
아이들도 좋아해요",2026-05-28,2026-05-28,5.28.목,5.28.목,2026-05-28T11:19:43+00:00,1,꽃으로도때리지말라44,영수증,음식이 맛있어요 | 고기 질이 좋아요 | 매장이 넓어요 | 단체모임 하기 좋아요 | 매장이 청결해요,"안녕하세요! 도화갈비입니다 😊

소중한 리뷰 남겨주셔서 감사합니다.

고기가 정말 맛있고 양념도 마음에 드셨다니 정말 기쁩니다. 특히 아이들도 맛있게 먹었다는 말씀에 더욱 보람을 느낍니다. 가족 모두가 만족할 수 있는 맛을 위해 좋은 재료와 정성으로 준비하고 있습니다.

앞으로도 남녀노소 누구나 맛있게 즐길 수 있는 도화갈비가 되도록 노력하겠습니다. 가족분들과 함께 언제든 편하게 방문해 주세요.

다시 한번 방문과 따뜻한 후기 감사드리며, 행복한 하루 보내세요!",5.30.토
192,6a140b148e92237e37e7b8e4,텍스트·콘텐츠형,5,"새로 오픈한곳이라 깨끗하고 친절해요
공간도 넓어서 쾌적하고 가성비 좋은곳이네요",2026-05-25,2026-05-25,5.25.월,5.25.월,2026-05-25T08:40:52+00:00,1,asd****,영수증,음식이 맛있어요 | 특별한 메뉴가 있어요 | 가성비가 좋아요 | 단체모임 하기 좋아요,"안녕하세요! 도화갈비입니다.

소중한 리뷰 남겨주셔서 감사합니다.

새롭게 오픈한 도화갈비의 깔끔한 매장 환경과 친절한 서비스를 좋게 봐주셔서 정말 감사합니다. 넓고 쾌적한 공간에서 편안하게 식사하셨다니 더욱 기쁩니다.

도화갈비는 맛은 물론 편안한 식사 공간과 만족스러운 가성비까지 함께 제공해 드리기 위해 항상 노력하고 있습니다. 고객님께서 만족스러운 시간을 보내신 것 같아 큰 보람을 느낍니다.

앞으로도 언제 방문하시더라도 기분 좋게 식사하실 수 있도록 좋은 음식과 정성 어린 서비스로 보답하겠습니다.

다시 한번 방문해 주셔서 감사드리며, 다음에도 꼭 찾아주세요. 좋은 하루 보내세요.",5.30.토
193,6a12c00edde317af4db1fd89,텍스트·콘텐츠형,3,"크게 고기집 생겼다고 해서 방문해봤어요!
냉면은..막국수인줄 알았고 고기는 너무 짰어요 ㅠㅠ..
싸먹을만한 상추나 깻잎이 없어서 아쉬웠고
밑반찬도 기대이하예요.. 하지만 한번쯤은 먹을만해요! 직원분들은 너무너무 친절하세요",2026-05-24,2026-05-24,5.24.일,5.24.일,2026-05-24T09:08:30+00:00,1,이응이88,영수증,단체모임 하기 좋아요 | 주차하기 편해요 | 매장이 청결해요,"안녕하세요! 도화갈비입니다.

새로 오픈한 도화갈비에 관심을 갖고 방문해 주시고 소중한 의견 남겨주셔서 감사합니다.

냉면의 식감과 맛, 고기의 간, 그리고 쌈 채소 및 밑반찬 구성에서 기대에 미치지 못한 점이 있었다니 아쉽게 생각합니다. 고객님께서 남겨주신 의견은 더욱 만족스러운 식사를 제공하기 위한 소중한 자료로 삼아 메뉴와 서비스 전반을 점검하겠습니다.

그럼에도 불구하고 직원들의 친절함을 좋게 평가해 주셔서 진심으로 감사드립니다. 고객님께서 남겨주신 따뜻한 말씀은 직원들에게 큰 격려가 됩니다.

앞으로는 음식의 맛과 구성, 서비스까지 모두 만족하실 수 있도록 더욱 노력하는 도화갈비가 되겠습니다. 귀한 후기 남겨주셔서 감사합니다. 좋은 하루 보내세요.",5.30.토
194,6a13dfed01c263e0a878ee32,텍스트·콘텐츠형,4,"주차장도 크고 건물도 커서 안 기다리겠다 했는데 4-5층은 공사중이라 오픈을 안했더라구요 한 층만 영업하고있어서 30분정도 대기하고 들어갔어요 
웨이팅공간에 환기가 안되서 뿌옇더라구요, 임산부인데 조금 숨쉬기 힘들었어요;
갈비는 숭의동에 유명한 숭의가든보다 나았어요!
그리고 직원분들도 친절하셨구요!
찌개를 따로 끓이게 분리되어잇는게 아주 편했어요
근데 찌개가 맛있지도 맛없지도 않은 그냥.. 심심한 찌개였구요,냉면 면이 특이했어요 메밀도 칡도 아닌.. 막국수같은...? 그래서 남편 줘버렸어요ㅋㅋ 밑반찬에 김치가 아예 없어서 아쉬웠어요 동치미?같은것만있고.. 아 그리고 애초에 마늘 쌈장 이런건 안 주셔서 요청드렸더니 주셨고 상추나 깻잎도 아예 없다고하시더라구요... 주차장이 크고 고기랑 솥밥만 맛있는 집!",2026-05-25,2026-05-23,5.25.월,5.23.토,2026-05-25T05:36:45+00:00,1,kka****,영수증,고기 질이 좋아요 | 재료가 신선해요 | 매장이 넓어요 | 친절해요,"안녕하세요! 도화갈비입니다.

소중한 시간을 내어 방문해 주시고 자세한 후기까지 남겨주셔서 감사합니다.

먼저 웨이팅 과정에서 불편을 겪으신 점에 대해 말씀 주셔서 감사합니다. 특히 임산부이신데 대기 공간의 환기 문제로 불편함을 느끼셨다니 더욱 신경 쓰이는 부분입니다. 고객님께서 남겨주신 의견은 운영에 적극 반영할 수 있도록 검토하겠습니다.

갈비 맛은 좋게 평가해 주시고 직원들의 친절함과 찌개를 따로 끓여 드실 수 있는 구성, 넓은 주차 공간에 만족해 주셔서 감사합니다. 

반면 찌개의 맛, 냉면의 면 종류와 식감, 반찬 구성, 쌈 채소 및 기본 제공 품목에 대한 아쉬운 의견도 꼼꼼히 확인했습니다. 고객님들께 더욱 만족스러운 식사를 제공할 수 있도록 메뉴 구성과 서비스 부분을 지속적으로 점검하고 개선해 나가겠습니다.

좋은 점과 아쉬운 점을 함께 남겨주신 진심 어린 후기 감사드립니다.",5.30.토
195,6a118da82de4e7806d5e3c14,텍스트·콘텐츠형,2.5,"새로 생긴 갈비집이라 방문해봤어요.
매장이 넓고 깔끔한 편이고, 주차장도 엄청 넓고 좋았습니다. 
상차림도 정돈되어 있어 첫인상은 괜찮았어요.
다만 반찬들은 전체적으로 단맛이 강한 편이었고, 
냉면은 심심한 평양냉면 느낌이라 호불호가 있을 것 같아요.
고기나 음식 맛이 특별하게 인상적이진 않았고 
전체적으로 무난한 느낌이었습니다.
한 번쯤 가보기는 괜찮지만 개인적으로는 재방문은🙅‍♀️
전 그냥 고기 구워주는곳으로 갈래요😁",2026-05-23,2026-05-23,5.23.토,5.23.토,2026-05-23T11:21:12+00:00,1,르파겐조,영수증,매장이 넓어요 | 인테리어가 멋져요 | 단체모임 하기 좋아요 | 매장이 청결해요 | 주차하기 편해요,"안녕하세요! 도화갈비입니다.

소중한 시간 내어 방문해 주시고 솔직한 후기 남겨주셔서 감사합니다.

매장의 넓고 깔끔한 환경, 넉넉한 주차 공간, 정돈된 상차림을 좋게 봐주셔서 감사합니다. 첫인상에서 편안함을 느끼셨다니 기쁩니다.

반면 반찬의 단맛과 냉면의 스타일, 음식 전반에 대해서는 고객님의 기대에 충분히 미치지 못했던 것 같습니다. 또한 직접 고기를 구워 드시는 방식이 고객님의 식사 취향과는 다소 차이가 있었던 점도 이해합니다.

남겨주신 의견은 더욱 많은 고객님들께 만족을 드릴 수 있도록 메뉴와 서비스 개선에 참고하겠습니다. 좋은 점과 아쉬운 점을 함께 남겨주셔서 감사드리며, 앞으로는 더욱 만족스러운 식사 경험을 제공할 수 있도록 노력하겠습니다.

소중한 후기 감사합니다. 좋은 하루 보내세요.",5.30.토
196,6a1046c094a6706da35138f6,텍스트·콘텐츠형,5,"추억의 스파시스. . 🥹
주차장 진입할 때 부터 기분이 좋아지는 갈비집 
이네요 주차안내해주시는 분들 엄청 친절하셔요
갈비도 숯향나도 맛잇네요 반찬들도 깔끔해요
리뷰이벤트 없이 작성했어요",2026-05-22,2026-05-22,5.22.금,5.22.금,2026-05-22T12:06:24+00:00,1,아이뜨아메리카농,영수증,음식이 맛있어요 | 고기 질이 좋아요 | 친절해요 | 주차하기 편해요 | 음식이 빨리 나와요,"안녕하세요! 도화갈비입니다.

소중한 후기 남겨주셔서 감사합니다.

추억이 있는 스파시스 자리에 새롭게 찾아주신 도화갈비를 좋게 봐주셔서 정말 기쁩니다. 주차장에 들어서는 순간부터 기분 좋은 방문이 되셨다니 더욱 뿌듯합니다.

주차 안내 직원들의 친절함을 칭찬해 주셔서 감사드립니다. 고객님께서 남겨주신 따뜻한 말씀은 현장 직원들에게 큰 힘이 될 것 같습니다.

숯향 가득한 갈비와 정갈한 반찬도 맛있게 드셔주셔서 감사합니다. 좋은 재료와 정성을 담아 준비한 음식들이 만족으로 이어진 것 같아 보람을 느낍니다.

무엇보다 리뷰 이벤트와 관계없이 직접 남겨주신 진심 어린 후기라 더욱 감사한 마음입니다. 앞으로도 맛과 서비스 모두 만족하실 수 있는 도화갈비가 되도록 노력하겠습니다.

감사합니다. 좋은 하루 보내세요.",5.30.토
197,6a71aae574e19c52f1d371b0,텍스트·콘텐츠형,4.5,,2026-08-04,2026-05-22,8.4.화,5.22.금,2026-08-04T09:03:33+00:00,1,꼬마7262,영수증,음식이 맛있어요 | 고기 질이 좋아요 | 매장이 넓어요 | 매장이 청결해요 | 주차하기 편해요,,
198,6a197a53dbc868452e0829a0,텍스트·콘텐츠형,5,"평일 낮에 방문하니 여유롭고 좋았어요. 돼지갈비가 먹고 싶어 방문했는데 꽃갈비살 메뉴가 눈에 띄여 둘다
주문! 소고기 돼지갈비 둘 다 냄새 안나고 부드럽고 맛있었구요. 전체적으로 반찬이 잘 나오고 분위기 좋아 가족모임으로 자주 올 것 같아요.  돼지양념갈비가 진짜 찐이네요 👍 소고기맛도 좋은데 가격 부담이 있잖아요~? ㅎㅎㅎ 둘 다 자주 먹고 싶어요 🤣",2026-05-29,2026-05-22,5.29.금,5.22.금,2026-05-29T11:36:51+00:00,1,평화로운2026,영수증,음식이 맛있어요 | 고기 질이 좋아요 | 양이 많아요 | 단체모임 하기 좋아요 | 주차하기 편해요,"안녕하세요, 도화갈비입니다!

평일 낮의 여유로운 분위기 속에서 저희 도화갈비를 온전히 즐겨주신 것 같아 정말 기쁩니다.
두 고기 모두 잡내 없이 부드럽고 맛있게 드셨다니 고기 질에 늘 신경 쓴 보람이 있네요. 

특히 소고기 맛도 훌륭하지만, 고객님 말씀대로 가격 부담 없이 언제든 맛있게 즐기실 수 있는 돼지양념갈비의 매력을 알아봐 주셔서 정말 기쁩니다. 

앞으로도 소고기가 생각날 때든, 달콤한 돼지갈비가 당길 때든 언제든 편하게 발걸음해 주세요. 

늘 한결같은 맛으로 든든하게 대접하겠습니다. 감사합니다!",5.30.토
199,6a0fd60bd828ce40950d4d1a,텍스트·콘텐츠형,2.5,"동네에 큰 갈비집 오픈을 해서  분위기와 맛을 보러 점심에 먹으러 갔다왔어요.  양념고기는 달지 않고  넘  맛나게 먹었네요
아쉬운건 고기를 소비자가 직접 구워야 한다는 것이 아쉬웠어요.  직원이 구워주는 고기집만 다녀서 인지  여기도 직원이 구워주는 시스템이였으면;;;;  재방문이 머뭇거려지네요.",2026-05-22,2026-05-22,5.22.금,5.22.금,2026-05-22T04:05:31+00:00,1,psoon37,영수증,매장이 넓어요 | 차분한 분위기예요 | 음식이 맛있어요,"안녕하세요! 도화갈비입니다.

소중한 시간 내어 방문해 주시고 후기 남겨주셔서 감사합니다.

새로 오픈한 도화갈비의 분위기와 맛을 경험하기 위해 찾아주셨는데 양념고기를 맛있게 드셨다니 정말 기쁩니다. 달지 않으면서도 맛있게 즐기셨다는 말씀에 큰 힘이 됩니다.

다만 고기를 직접 구워 드셔야 하는 부분은 아쉬움으로 남으셨군요. 고객님처럼 직원이 구워주는 서비스를 선호하시는 분들도 계시기에 남겨주신 의견을 소중히 참고하겠습니다.

그럼에도 음식의 맛에 만족해 주셔서 감사드리며, 앞으로도 더욱 편안하고 만족스러운 식사 경험을 제공할 수 있도록 노력하겠습니다.

소중한 후기 감사드리며 다음에도 좋은 모습으로 찾아뵙겠습니다. 좋은 하루 보내세요.",5.30.토
200,6a0c61d73b8b5d8d878eba0a,텍스트·콘텐츠형,3.5,"직원들이 너무너무 친철해서 기분 좋게 식사했습니다. 소양념갈비은..    제 입맛에
상대적으로  달았습니다. 사진에는 없지만
  기름이 많이 있는 부분도 2쪽있어
쬐금 불편 했습니다^^; 반찬은  깔끔하게 👍 잘나오고요.간도 너무과하지않고 딱 좋았습니다.
깻잎 땅콩무침 완전!!! 킼~~~~~입니다
후식은 매실냉차 ㅎㅎㅎㅎ  저개인적으로
옥수수냉차나. 검은보리냉차 좋을 것같아요^^
매실이 소화엔 좋은데 매실도 달아서리..

분위기 좋고 친철해서 잘 먹고 갑니다
다음에 또갈게요 😀",2026-05-19,2026-05-19,5.19.화,5.19.화,2026-05-19T13:12:55+00:00,1,jjone,영수증,매장이 청결해요 | 환기가 잘 돼요 | 오래 머무르기 좋아요 | 음식이 빨리 나와요 | 매장이 넓어요,"안녕하세요! 도화갈비입니다.

소중한 후기 남겨주셔서 감사합니다.

직원들의 친절한 서비스 덕분에 기분 좋게 식사하셨다는 말씀에 큰 힘을 얻습니다. 편안한 분위기 속에서 즐거운 시간을 보내셨다니 정말 기쁩니다.

소양념갈비의 단맛과 일부 부위의 기름진 부분은 아쉬움으로 남으셨군요. 남겨주신 의견은 더욱 좋은 품질의 음식을 제공하기 위해 참고하겠습니다.

반찬의 간이 적당하고 깔끔했다는 말씀, 그리고 깻잎땅콩무침을 특히 맛있게 드셨다는 칭찬에 더욱 보람을 느낍니다. 후식 매실차에 대한 의견과 옥수수차, 보리차 제안도 감사히 참고하겠습니다.

좋은 점과 아쉬운 점을 함께 남겨주셔서 감사드리며, 다음 방문에도 맛있는 음식과 친절한 서비스로 만족을 드릴 수 있도록 노력하겠습니다.

다음에도 꼭 찾아주세요. 감사합니다. 좋은 하루 보내세요.",5.30.토
201,6a0f09a932a6757693be57b7,텍스트·콘텐츠형,4.5,밑반찬이 쌈이랑 잘 어울리는 반찬들이에요! 밥반찬은 없지만 깻잎땅콩소스가 너무 맛잇어요 생 쌈채소는 따로 없지만 채소 반찬들이 많이 나와요~! 솥밥 넘 맛났습니당 고슬고슬~~ 냉면은 평냉 느낌 면이 좀 굵었어요!,2026-05-21,2026-05-18,5.21.목,5.18.월,2026-05-21T13:33:29+00:00,1,수버니아,영수증,친절해요 | 주차하기 편해요 | 매장이 청결해요 | 아이와 가기 좋아요 | 단체모임 하기 좋아요,"안녕하세요! 도화갈비입니다.

소중한 후기 남겨주셔서 감사합니다.

도화갈비의 다양한 채소 반찬과 곁들임 메뉴를 맛있게 즐겨주셨다니 정말 기쁩니다. 특히 깻잎땅콩소스를 마음에 들어 해주셔서 더욱 뿌듯합니다. 고기와 함께 드셨을 때 조화롭게 즐기실 수 있도록 정성껏 준비하고 있습니다.

솥밥의 고슬고슬한 식감도 만족해 주셔서 감사합니다. 많은 고객님들께서 좋아해 주시는 메뉴인데 고객님께도 좋은 기억으로 남은 것 같아 기분이 좋습니다.

냉면도 직접 드셔보시고 세심한 의견 남겨주셔서 감사합니다. 앞으로도 고기와 반찬, 식사 메뉴까지 더욱 만족하실 수 있도록 노력하겠습니다.

정성 가득한 후기 감사드리며, 다음에도 맛있는 갈비와 솥밥 드시러 꼭 다시 찾아주세요. 좋은 하루 보내세요.",5.30.토
202,6a152d6418512eaa749c50be,텍스트·콘텐츠형,2.5,"점심 시간대 방문해서 한상차림 먹었어요.
고기양 적은 편이에요.
한상 드실분들은 후식 냉면 고르지 마세요 ㅠ
물냉면 먹었는데 아무맛도 안나요.. 식초 겨자 때려부어도 맛이 너무 밍밍하고 맛없어요.
상추나 깻잎 쌈 없어서 좀 아쉬웠어요
근데 직원분들은 친절하세요",2026-05-26,2026-05-18,5.26.화,5.18.월,2026-05-26T05:19:32+00:00,1,coq****,영수증,친절해요 | 매장이 청결해요,"안녕하세요! 도화갈비입니다.

소중한 시간을 내어 방문해 주시고 솔직한 후기를 남겨주셔서 감사합니다.

점심 한상차림을 이용하시면서 고기 양과 후식 물냉면의 맛 부분에서 만족을 드리지 못해 아쉽습니다. 특히 냉면이 고객님의 기대에 미치지 못했다는 의견은 주방과 함께 꼼꼼히 공유하여 맛과 구성에 대해 다시 한번 점검해 보겠습니다.

또한 쌈 채소 구성에 대한 의견도 귀하게 참고하겠습니다. 더욱 만족스러운 식사를 제공할 수 있도록 메뉴와 서비스 전반을 지속적으로 개선해 나가겠습니다.

그럼에도 직원들의 친절함을 좋게 봐주시고 말씀 남겨주셔서 감사합니다. 앞으로는 음식의 맛과 구성까지 만족하실 수 있도록 더욱 노력하는 도화갈비가 되겠습니다.

소중한 의견 다시 한번 감사드립니다. 좋은 하루 보내세요.",5.30.토
203,6a0a97c94c545fd09438608c,텍스트·콘텐츠형,0.5,"자주애용하던 찜질방자리에 뭐가생기나 궁금했는데 큰갈비집이 생겼다해서 얼마나 크고 넓고 멋질까해서 방문했어요 
일단 주차장은 편하고 좋았는데 다른건 그닥
새로지은건물이니 시설깨끗한건당연한건데 ㅠ
이가격에 이반찬구성이면 ㅠ 어디딱히 손에잡히는반찬구성은없었고 갈비 싸먹을 쌈도 딱히없었어요ㅠ
나물싫어하는 사람은 어디 하나도 먹을께없네요
잡채하나 먹어볼까했더니 너무짜서 먹을수조차없었어요
솥밥은 시킨지 30분이나지나서 재촉해야받을수있었고 찌개는 자리에서 끓여먹어야되서 고기다먹고나서 먹을수있었어요ㅠ 냉면먹고싶었는데 옆테이블에서 면이덜익었다고 항의하니 직원분이 원래 이집냉면은 이런면이라며 처음드셔보셔서 그런거라며 무안을줘서 패스 
결론 주차는편했으나 이가격이면 다른곳을 찾아보겠음",2026-05-18,2026-05-17,5.18.월,5.17.일,2026-05-18T04:38:33+00:00,1,뷰스킨,영수증,주차하기 편해요 | 화장실이 깨끗해요,"안녕하세요! 도화갈비입니다.

소중한 시간을 내어 방문해 주시고 솔직한 의견을 남겨주셔서 감사합니다.

새롭게 오픈한 도화갈비에 대한 기대를 가지고 찾아주셨는데 만족스러운 식사 경험을 드리지 못한 것 같아 아쉽게 생각합니다.

반찬 구성과 쌈 채소, 잡채의 간, 솥밥 제공 시간, 식사 진행 과정 등 여러 부분에서 불편함을 느끼셨다는 말씀을 꼼꼼히 확인했습니다. 특히 솥밥이 늦게 제공된 점은 고객님의 식사 흐름에 불편을 드릴 수 있는 부분인 만큼 운영 과정에서 다시 한번 점검하겠습니다.

또한 직원 응대 과정에서 불편하게 느끼신 부분 역시 소중한 의견으로 받아들이고 있습니다. 고객님께서 보다 편안하게 식사하실 수 있도록 서비스 교육과 운영 전반을 지속적으로 개선해 나가겠습니다.

좋은 말씀뿐 아니라 아쉬운 점까지 상세하게 남겨주신 덕분에 부족한 부분을 돌아볼 수 있게 되었습니다. 앞으로는 가격 이상의 만족감을 드릴 수 있도록 음식의 맛과 구성, 서비스 품질 향상에 더욱 노력하겠습니다.",5.30.토
204,6a0a312aa599d54b9730c6b4,텍스트·콘텐츠형,1.5,"가족모임차 방문함.예약확인 입장했으나 다른손님 예악자방이라고 안내 확인없이 함 직원사과도없었고 오히려 잘못든어온 다른손님들이사과함.
비싼가격임에도 고기구어주는서비스는없었으며
생일자로 미역국서비스를 받았는데 다른곳은 쟁반에 미역국 밥 반찬조금씩으로 대접을해주지만 여긴 미역국만딸랑줌으로 뭔가부족했으며 주말이라 대기가많은건알지만 미리예약한 사람의 서비스가전혀 없음 비싼가격치고는 별로였음 다시방문안할듯",2026-05-18,2026-05-17,5.18.월,5.17.일,2026-05-17T21:20:42+00:00,1,chj****,영수증,매장이 넓어요 | 주차하기 편해요,"안녕하세요! 도화갈비입니다.

소중한 가족모임 장소로 도화갈비를 선택해 주셨는데 기대에 미치지 못한 경험을 드린 것 같아 아쉽게 생각합니다.

예약 후 방문하셨음에도 좌석 안내 과정에서 불편을 겪으셨고, 응대 과정에서도 만족을 드리지 못한 점을 무겁게 받아들이고 있습니다. 또한 예약 고객으로서 기대하셨던 서비스와 생일 서비스 구성, 식사 전반에 대한 부분도 꼼꼼히 확인했습니다.

특히 가족과 함께하는 소중한 자리인 만큼 더욱 세심한 안내와 배려가 있었어야 했는데 부족함을 느끼게 해드린 점은 개선이 필요한 부분이라고 생각합니다. 남겨주신 의견은 운영팀과 공유하여 예약 고객 응대와 서비스 품질 향상에 참고하겠습니다.

소중한 시간을 내어 솔직한 의견 남겨주셔서 감사합니다. 앞으로는 더욱 만족스러운 식사 경험을 제공할 수 있도록 노력하겠습니다. 좋은 하루 보내세요.",5.30.토
205,6a09c187692dbf5b8e154335,텍스트·콘텐츠형,5,냉면 맛있네요,2026-05-17,2026-05-17,5.17.일,5.17.일,2026-05-17T13:24:23+00:00,1,magnum2000,영수증,음식이 맛있어요 | 매장이 넓어요,"안녕하세요! 도화갈비입니다.

소중한 후기 남겨주셔서 감사합니다.

도화갈비 냉면을 맛있게 드셔주셨다니 정말 기쁩니다. 고기와 함께 즐기는 시원한 냉면은 많은 고객님들께 사랑받는 메뉴 중 하나인데 고객님 입맛에도 잘 맞았다니 보람을 느낍니다.

앞으로도 냉면은 물론 갈비와 다양한 식사 메뉴까지 만족하실 수 있도록 정성과 맛으로 보답하겠습니다. 언제 방문하시더라도 기분 좋고 맛있는 식사가 될 수 있도록 최선을 다하겠습니다.

소중한 한마디 감사드리며, 다음에도 맛있는 갈비와 냉면 드시러 꼭 방문해 주세요. 좋은 하루 보내세요.",5.30.토
206,6a06a824fad0990d5da1b147,텍스트·콘텐츠형,4.5,주차장 넓고 고기 맛나요,2026-05-15,2026-05-15,5.15.금,5.15.금,2026-05-15T04:59:16+00:00,1,벤뚱이,영수증,음식이 맛있어요 | 고기 질이 좋아요 | 반찬이 잘 나와요 | 단체모임 하기 좋아요 | 주차하기 편해요,"안녕하세요! 도화갈비입니다.

소중한 후기 남겨주셔서 감사합니다.

넓고 편리한 주차장과 맛있는 고기를 좋게 평가해 주셔서 정말 기쁩니다. 고객님께서 편하게 방문하시고 만족스러운 식사를 하셨다니 큰 보람을 느낍니다.

도화갈비는 맛있는 고기뿐만 아니라 쾌적한 식사 환경까지 함께 제공해 드리기 위해 노력하고 있습니다. 짧은 한마디지만 큰 응원이 되는 후기 감사합니다.

앞으로도 변함없는 맛과 친절한 서비스로 만족을 드릴 수 있도록 최선을 다하겠습니다. 다음에도 맛있는 갈비 드시러 꼭 찾아주세요.

감사합니다. 좋은 하루 보내세요.",5.30.토
207,6a05dd3a4855918c002eadc4,텍스트·콘텐츠형,5,"생갈비, 꽃갈비, 돼지갈비 어느하나 빠지지 않고 다 맛있어요! 간간한 갈비양념이라 좋았습니다! 
생갈비 소스도 잘 어우러지고 직원분들 너무 친절하게 챙겨주셔서 데려간 친구들도 다 만족하는 식사였어요! 
반찬도 잘 나오고 후식냉면도 진짜 맛있어요 비냉도 맛있고 물냉은 평양냉면 느낌으로 진짜 색다르게 맛있습니다.
모든 반찬들 자극적이지않게 슴슴하니 다 맛있어서 정말 놀랐어요!
+주차가 진짜 최고에요👍",2026-05-14,2026-05-14,5.14.목,5.14.목,2026-05-14T14:33:30+00:00,1,앙뚜아네트64,영수증,음식이 맛있어요 | 고기 질이 좋아요 | 반찬이 잘 나와요 | 매장이 넓어요 | 주차하기 편해요,"안녕하세요! 도화갈비입니다.

소중한 후기 남겨주셔서 진심으로 감사합니다.

생갈비, 꽃갈비, 돼지갈비까지 다양하게 즐겨주시고 모두 만족스럽게 드셨다니 정말 기쁩니다. 간이 과하지 않은 갈비 양념과 생갈비 소스의 조화까지 세심하게 평가해 주셔서 더욱 보람을 느낍니다.

함께 방문하신 친구분들까지 만족스러운 식사를 하셨다니 저희에게는 최고의 칭찬입니다. 직원들의 서비스도 좋게 봐주셔서 감사드리며, 남겨주신 따뜻한 말씀은 직원들에게 큰 힘이 될 것 같습니다.

후식 냉면과 반찬들까지 맛있게 즐겨주셔서 감사합니다. 자극적이지 않고 재료 본연의 맛을 살리기 위해 노력하고 있는데 그 부분을 알아봐 주셔서 더욱 기쁩니다.

마지막으로 넓고 편리한 주차장까지 만족해 주셔서 감사합니다. 앞으로도 맛있는 음식과 친절한 서비스, 편안한 식사 환경으로 보답하는 도화갈비가 되겠습니다.

다음에도 꼭 다시 찾아주세요. 감사합니다. 좋은 하루 보내세요.",5.30.토
208,6a02ed62cf2ada7e6a90ebe3,텍스트·콘텐츠형,5,"5개월 아기랑 다녀왔는데 유모차 두기 편한 곳으로 안내해주시고, 매장이 넓어서 아이 데리고 가기에도 쾌적해서 좋았어요 ! 직원들도 모두 친절해서 기분좋게 대접받은 느낌이네요 :-) ♥ 맛있게 잘 먹었습니다 !",2026-05-12,2026-05-12,5.12.화,5.12.화,2026-05-12T09:05:38+00:00,1,김예,영수증,양이 많아요 | 고기 질이 좋아요 | 매장이 넓어요 | 친절해요 | 매장이 청결해요,"안녕하세요! 도화갈비입니다.

소중한 후기 남겨주셔서 감사합니다.

5개월 아기와 함께 방문해 주셨는데 편안하게 식사하셨다니 정말 기쁩니다. 유모차를 두기 편한 자리와 넓고 쾌적한 매장 환경이 도움이 되었다니 보람을 느낍니다.

아이와 함께하는 외식은 신경 쓸 부분이 많은데 기분 좋게 식사하실 수 있었다는 말씀에 큰 힘이 됩니다. 직원들의 친절한 서비스까지 좋게 봐주셔서 감사드리며, 대접받는 느낌을 받으셨다는 한마디가 저희에게는 최고의 칭찬입니다.

앞으로도 부모님과 아이 모두가 편안하게 방문할 수 있는 도화갈비가 되도록 노력하겠습니다. 맛있게 드셔주시고 따뜻한 후기 남겨주셔서 감사드리며, 다음에도 가족과 함께 즐거운 식사 시간 보내시길 바랍니다.

감사합니다. 좋은 하루 보내세요.",5.30.토
209,6a007fd039039c6af0d2ea19,텍스트·콘텐츠형,4,"주차장이 끝내주네요
일요일 저녁 7시 30분쯤 도착하니 20분쯤 대기했어요
직원들 모두 친절하시고 된장찌개는 고기랑 따로 끓일 수 있는 화구가 분리되어 있어서 편해요
반찬이 다양하게 많이 제공되고 리필도 잘 해주십니다 
새로 생겨서 깨끗깔끔",2026-05-10,2026-05-10,5.10.일,5.10.일,2026-05-10T12:53:36+00:00,1,곱디고운,영수증,반찬이 잘 나와요 | 매장이 넓어요 | 인테리어가 멋져요 | 친절해요 | 매장이 청결해요,"안녕하세요! 도화갈비입니다.

소중한 후기 남겨주셔서 감사합니다.

넓고 편리한 주차장부터 깨끗하고 쾌적한 매장 환경까지 좋게 봐주셔서 정말 기쁩니다. 주말 저녁 대기 시간이 있었음에도 만족스러운 식사 시간을 보내셨다니 큰 힘이 됩니다.

직원들의 친절한 서비스와 된장찌개를 따로 끓일 수 있는 분리 화구, 다양한 반찬 구성까지 세심하게 살펴봐 주셔서 감사합니다. 반찬 리필 서비스 역시 고객님들께 편안한 식사를 제공하기 위해 노력하고 있는 부분인데 만족해 주셔서 더욱 보람을 느낍니다.

앞으로도 깔끔한 환경과 맛있는 음식, 친절한 서비스로 언제 방문하시더라도 만족하실 수 있는 도화갈비가 되겠습니다.

다시 한번 방문해 주셔서 감사드리며 좋은 하루 보내세요.",5.30.토
210,69ffc9beae0b5610aa6087d5,텍스트·콘텐츠형,5,"주차장이 여유로워서 주차 초보로써는 
좋았어요.
다른 큰 고깃집에 비해
착한 가격임에도 기본 상차림은
넘 훌륭했어요
아마도 주말인데다 어버이날
겸사해서 사람이 많아 복잡했지만
부모님께서도 맛있게 드시고
만족스런 식사였어요",2026-05-10,2026-05-09,5.10.일,5.9.토,2026-05-09T23:56:46+00:00,1,얼음땡43,영수증,음식이 맛있어요 | 단체모임 하기 좋아요 | 매장이 청결해요 | 친절해요 | 주차하기 편해요,"안녕하세요! 도화갈비입니다.

소중한 후기 남겨주셔서 감사합니다.

넓고 여유로운 주차 공간 덕분에 편하게 방문하셨다니 정말 기쁩니다. 특히 주차가 부담스러울 수 있는데 좋은 인상을 받으셨다니 더욱 보람을 느낍니다.

합리적인 가격과 기본 상차림에 만족해 주시고, 정성껏 준비한 음식들을 맛있게 드셔주셔서 감사합니다. 어버이날이 가까운 주말이라 매장이 다소 붐볐음에도 부모님과 함께 즐거운 식사 시간을 보내셨다니 저희도 기쁜 마음입니다.

무엇보다 부모님께서 맛있게 드시고 만족하셨다는 말씀이 가장 큰 칭찬으로 느껴집니다. 앞으로도 가족과 함께 편안하게 찾을 수 있는 도화갈비가 될 수 있도록 맛과 서비스에 더욱 정성을 다하겠습니다.

다시 한번 방문해 주셔서 감사드리며 좋은 하루 보내세요.",5.30.토
211,6a01a430a526656842270577,텍스트·콘텐츠형,4.5,좀 달긴한데 반찬구성도 좋고 좌석도 넓고 부모님과 방문하기 좋은거같아요 냉면이 맛있네요 고기는아주부드라움,2026-05-11,2026-05-09,5.11.월,5.9.토,2026-05-11T09:41:04+00:00,1,iys****,영수증,음식이 맛있어요 | 고기 질이 좋아요 | 메뉴 구성이 알차요 | 매장이 넓어요 | 주차하기 편해요,"안녕하세요! 도화갈비입니다.

소중한 후기 남겨주셔서 감사합니다.

음식이 조금 달게 느껴지셨음에도 반찬 구성과 넓은 좌석, 편안한 식사 공간을 좋게 평가해 주셔서 감사합니다. 부모님과 함께 방문하기 좋은 곳이라고 말씀해 주시니 더욱 보람을 느낍니다.

냉면도 맛있게 드셔주시고 고기의 부드러운 식감까지 만족해 주셔서 기쁩니다. 도화갈비는 가족 모두가 편안하게 식사하실 수 있는 공간과 맛있는 음식을 제공하기 위해 노력하고 있습니다.

앞으로도 부모님과 함께 즐거운 식사 시간을 보내실 수 있도록 더욱 좋은 맛과 서비스로 보답하겠습니다.

소중한 후기 진심으로 감사드리며, 다음에도 꼭 다시 찾아주세요. 좋은 하루 보내세요.",5.30.토
212,69feba1b199f7f0a17390532,텍스트·콘텐츠형,0.5,"맛은 개인차가 있으니 따로 말하지 않겠습니다. 일단 서비스가 정말 별로였습니다. 고기 다 먹고 마지막으로 매실차 달라했는데 불고기 소스를 줬습니다^^실수 할 수 있죠 하지만 종이컵에 물이랑 소스 따를때 농도부터 달랐을거구요 내용물을 보니 고춧가루 양념이 다 있었습니다. 여기까지도 이해해요 바쁘고 정신 없으면 실수할 수 있어요 저희가 너무 짜서 문의하니 오셔서 통이 같아서요~웃으시면 서 많이짜셨어요~?
.....네?당연히 짠거 아닌가요 죄송하다고 하셨지만 표정은 전혀 그렇지 않았습니다. 저희도 할머니 할아버지한테 대접하러 왔는데 식사에 마지막을 너무나도 짠 소스로 마무리하는게 기분이 좋지 않네요 다른 서비스에 대해서도 말할 부분이 많지만 말을 아끼겠습니다.",2026-05-09,2026-05-09,5.9.토,5.9.토,2026-05-09T04:37:47+00:00,1,물만먹고오지,영수증,매장이 넓어요,"안녕하세요! 도화갈비입니다.

소중한 가족 식사 자리에 도화갈비를 찾아주셨는데 불편한 경험을 드리게 되어 안타깝게 생각합니다.

특히 후식으로 요청하신 매실차 대신 다른 소스가 제공된 점과 이후 응대 과정에서 불편함을 느끼셨다는 말씀을 꼼꼼히 확인했습니다. 실수 자체보다도 고객님께서 느끼신 당황스러움과 응대 방식에서의 아쉬움이 더 크게 남으셨을 것이라 생각합니다.

가족분들을 모시고 방문하신 자리인 만큼 더욱 세심하고 진심 어린 응대가 이루어졌어야 했는데 기대에 미치지 못한 점을 무겁게 받아들이고 있습니다. 남겨주신 의견은 관련 직원들과 공유하여 서비스 교육과 운영 전반을 다시 한번 점검하겠습니다.

좋은 시간을 보내셔야 할 식사의 마무리가 아쉬움으로 남게 된 점을 되돌아보며, 앞으로는 더욱 세심한 서비스로 만족을 드릴 수 있도록 노력하겠습니다.

소중한 의견 남겨주셔서 감사합니다. 좋은 하루 보내세요.",5.30.토
213,6a3d2375ec5033b97eaab6f9,텍스트·콘텐츠형,5,울동네에 도화갈비 오픈해서 지인들과 방문해서 넘 맛나게 먹느라 사진찍는것도 잊었네요ㅠㅠ직원분들도 친절하시고  단체룸도 있어서 담엔 가족들과 함께 고고~~,2026-06-25,2026-05-08,6.25.목,5.8.금,2026-06-25T12:47:49+00:00,1,클레오파트라 72,영수증,음식이 맛있어요 | 고기 질이 좋아요 | 매장이 넓어요 | 친절해요 | 매장이 청결해요,,
214,6a1c4943b9b560f3fd3c9cff,텍스트·콘텐츠형,4,오픈 하고 갔는데 서비스도 좋고  맛도 괜찮습니다,2026-05-31,2026-05-08,5.31.일,5.8.금,2026-05-31T14:44:19+00:00,1,nam****,영수증,잡내가 적어요 | 음식이 맛있어요 | 단체모임 하기 좋아요 | 주차하기 편해요,"안녕하세요, 도화갈비입니다!
저희 오픈 소식을 듣고 빠르게 찾아주셨는데,
서비스와 맛 모두 만족스러우셨다니 정말 다행입니다.

인천대형고기집답게 넓고 쾌적한 공간에서 기분 좋은 식사가 되셨기를 바라며 앞으로도 변함없이 맛있는 인천 고기맛집으로 자리를 지킬 수 있도록 늘 초심을 잃지 않고 정성을 다하겠습니다.

소중한 응원의 후기 감사드리며 다음번에도 갈비 생각나실 때 언제든 편하게 들러주세요. 감사합니다!",6.15.월
215,6a0737f20dcd108fdc809108,텍스트·콘텐츠형,4,"친정부모님 동네에 새로생긴 도화갈비. 가까운곳에  유명한?대형 음식집이 생겨서 간단한 모임정도로 점심정도는 할수 있을것 같아 예약후 방문함. 양념꽃갈비도 돼지양념구이도 육회도  먹어봤는데 직접구어먹어야 한다는 수고스러운^^ 것만 빼고는  반찬도 먹지 않을것 이것저것  가지수 많지 않고   딱! 먹는것들로만  소소하니 나와서 정갈하니  깔끔하게 먹을수 있었다.. 고기도 달지 않고 부드럽다. 
 육회에 계란노른자가 없는 걸로 아부지와 나는 갑론을박하느라 마지막이  그닥 좋게 끝나지 않았다는것만 빼고는
 남표니하고 나는 맛있어서  나중에   한번더  와 볼 예정이다.",2026-05-16,2026-05-08,5.16.토,5.8.금,2026-05-15T15:12:50+00:00,1,토마토튀김,영수증,음식이 맛있어요 | 매장이 넓어요 | 친절해요,"안녕하세요! 도화갈비입니다.

소중한 가족 모임 장소로 도화갈비를 선택해 주시고 정성스러운 후기까지 남겨주셔서 감사합니다.

부모님 댁 근처에 새롭게 오픈한 도화갈비를 찾아주시고 양념꽃갈비, 돼지양념구이, 육회까지 다양하게 즐겨주셨다니 정말 기쁩니다. 직접 구워 드셔야 하는 부분은 조금 번거롭게 느껴지셨을 수 있지만, 고기가 달지 않고 부드러웠다는 말씀에 큰 힘이 됩니다.

또한 반찬도 꼭 필요한 메뉴들로 깔끔하게 구성된 점을 좋게 봐주셔서 감사합니다. 정갈하고 편안한 식사를 즐기실 수 있도록 준비한 부분인데 만족해 주셔서 보람을 느낍니다.

육회를 드시며 계란노른자를 두고 아버님과 즐거운 이야기를 나누셨다는 부분도 미소 지으며 읽었습니다. 다음에는 더욱 좋은 추억과 함께 만족스러운 식사가 되길 바랍니다.

재방문 의사까지 남겨주셔서 감사드리며, 다음에도 맛있는 음식과 좋은 서비스로 보답하겠습니다. 좋은 하루 보내세요.",5.30.토
216,69fb23ba4ff7b0186e523bcf,텍스트·콘텐츠형,0.5,"이금액이면 송도갈비 갈래요


우선 고기는 셀프로 구워야했어요;;
꽃갈비 질기고 양념갈비 양념이 너무 짰어요
홍어무침 양이 적어서 3번 추가주문했는데
눈치 주시더라구요",2026-05-06,2026-05-06,5.6.수,5.6.수,2026-05-06T11:19:22+00:00,1,cmj****,영수증,,"안녕하세요! 도화갈비입니다.

소중한 시간을 내어 방문해 주시고 솔직한 의견을 남겨주셔서 감사합니다.

식사 과정에서 고객님의 기대에 미치지 못한 점이 있었던 것 같아 아쉽게 생각합니다. 특히 고기를 직접 구워 드셔야 하는 부분과 꽃갈비의 식감, 양념갈비의 간에 대해 만족을 드리지 못한 점은 귀한 의견으로 받아들이겠습니다.

또한 홍어무침 추가 요청 과정에서 불편하거나 부담스럽게 느끼셨다면 더욱 세심하게 살펴봐야 할 부분이라고 생각합니다. 고객님께서 편안하게 식사하실 수 있도록 서비스와 응대 부분도 지속적으로 점검하겠습니다.

남겨주신 의견은 음식의 맛과 서비스 품질을 개선하는 데 소중한 참고 자료로 활용하겠습니다. 앞으로는 가격 이상의 만족을 드릴 수 있도록 더욱 노력하는 도화갈비가 되겠습니다.

소중한 후기 남겨주셔서 감사합니다. 좋은 하루 보내세요.",5.30.토
217,69fbcb4d88fbd2f1967eb160,텍스트·콘텐츠형,3,"반찬,고기 모두 맛있어서 만족했는데 생각할수록 숏컷머리의 서빙하는분의 불친절함에 기분이 나빠 관리자분도 인지하셔야 할 것 같아서 적습니다.

아버지가 무절임 더 주실 수 있을까요 하고 여쭤보니 
무절임 가져다주시기가 그렇게 귀찮으신건지
드셔보시고 요청하세요 라며 불친절응대

직원이 고기 불판에 올리려다 고기를 테이블에 떨어트렸는데 그럼 바꿔줘야하는게 정상인데 떨어트리고 이러지도 저러지도 못하고.. 

검진을 앞둔 가족이있어 양파절임에 들깨 뿌리지않고
 리필 주실수 있냐 물으니 확인해봐야한다, 아니다 소스에 애초에 들깨가 들어있다 장황하게 갖은 핑계대시길래 그럼그냥 기본으로 달라요청함..

직원이 그렇게 많은데 불판한번 갈려면 지나가는직원 겨우붙잡아 요청해야하고 가족모임하기엔 가격에비해 불쾌한 포인트가 많은곳",2026-05-07,2026-05-06,5.7.목,5.6.수,2026-05-06T23:14:21+00:00,1,alalsp,영수증,음식이 맛있어요,"안녕하세요! 도화갈비입니다.

소중한 가족모임 자리로 도화갈비를 찾아주셨는데 서비스로 인해 불편을 드린 점 깊이 생각하고 있습니다.

반찬과 고기를 맛있게 드셨음에도 추가 반찬 요청, 음식 제공 과정의 대처, 직원 응대 방식 등으로 아쉬움을 느끼셨다는 말씀을 꼼꼼히 확인했습니다. 특히 고객님의 요청에 보다 친절하고 세심하게 응대했어야 했는데 만족을 드리지 못한 점은 개선이 필요한 부분입니다.

남겨주신 의견은 관리자와 직원들이 함께 공유하여 서비스 교육 및 운영 전반을 점검하겠습니다. 앞으로는 음식의 맛뿐 아니라 응대와 서비스까지 만족하실 수 있도록 더욱 노력하겠습니다.

소중한 의견 감사드립니다. 좋은 하루 보내세요.",5.30.토
218,69fb19d3e990721bccec0d6e,텍스트·콘텐츠형,0.5,"고깃집이 생겼다고 해서 한번가본건데 두번은 안갈꺼 같아요.
맛은 둘째치더라도 손님보다 많은 직원이 손님 한테이블 받는데도 어수선하고 어떻게 해애할찌 어쩔줄 모르는 느낌을 받았고 손님도 없는데 소주를 달라고 했는데 한 세번 이상 말해야 가져다 주고 주문을 듣고도 제자리가서 딴짓…..
 고기주문은 태블릿으로 받으면서 사이드메뉴는 직접 직원 불러야 하는 불편함….. 마지막 매실 주스 주는데 쟁반에 팔 뻣어 알아서 가져가라고 하고 몸과 눈은 옆테이블 가있네요 직원 교육을 제대로좀 해야 할꺼 같습니다.
솔직히 금액대비 맛도 별로였습니다….
제가 사장이었으면 날잡고 서비스교육 부터 할꺼 같고 사장님 사이드메뉴좀 추가좀 하셔야 될꺼 같네요",2026-05-06,2026-05-06,5.6.수,5.6.수,2026-05-06T10:37:07+00:00,1,제롬52,영수증,매장이 넓어요 | 인테리어가 멋져요,"안녕하세요! 도화갈비입니다.

소중한 시간을 내어 방문해 주셨음에도 만족스러운 경험을 드리지 못한 점에 대해 고객님의 의견을 무겁게 받아들이고 있습니다.

특히 직원 응대 과정에서 여러 차례 불편을 겪으셨다는 말씀을 꼼꼼히 확인했습니다. 주문 및 서비스 제공 과정에서 혼선을 드리고, 고객님께 불편함과 아쉬움을 남겨드린 점은 개선이 필요한 부분이라고 생각합니다.

또한 메뉴 주문 방식의 불편함과 서비스 응대, 메뉴 구성 및 음식에 대한 의견도 소중히 참고하겠습니다. 고객님께서 남겨주신 내용은 운영 및 서비스 품질 향상을 위해 직원들과 공유하여 부족한 부분을 점검하고 개선해 나가겠습니다.

좋은 경험을 드리지 못했음에도 시간을 내어 상세한 의견을 남겨주셔서 감사합니다. 고객님의 말씀을 바탕으로 더욱 체계적인 서비스와 만족스러운 식사 경험을 제공할 수 있도록 노력하겠습니다.

소중한 후기 감사드립니다. 좋은 하루 보내세요.",5.30.토
219,69f9c90c897f0141ed893d2d,텍스트·콘텐츠형,4.5,"어버이날 기념으로 미리 식사했는데 전부 만족합니다
다만 고기가 조금 달아요ㅠ 그리고 호출을 여러번 눌러야 와주셔서 조금 아쉽습니다 그외에 고기질이나 반찬등등은 다 맛있어요",2026-05-05,2026-05-05,5.5.화,5.5.화,2026-05-05T10:40:12+00:00,1,lu****,영수증,고기 질이 좋아요 | 매장이 넓어요 | 단체모임 하기 좋아요 | 주차하기 편해요,"안녕하세요! 도화갈비입니다.

소중한 어버이날 식사 장소로 도화갈비를 찾아주셔서 감사합니다.

가족분들과의 식사가 전반적으로 만족스러우셨고 고기와 반찬도 맛있게 드셨다니 정말 기쁩니다. 고객님의 만족스러운 한마디가 저희에게 큰 힘이 됩니다.

다만 고기의 단맛이 조금 강하게 느껴지셨고, 호출 후 응대가 늦어 불편을 드린 점은 아쉽게 생각합니다. 남겨주신 의견은 직원들과 공유하여 더욱 빠르고 세심한 서비스를 제공할 수 있도록 노력하겠습니다.

좋은 점과 아쉬운 점을 함께 남겨주셔서 감사드리며, 앞으로도 맛있는 음식과 편안한 식사 환경으로 보답하겠습니다.

가족분들과 늘 건강하고 행복한 시간 보내시길 바랍니다. 감사합니다. 좋은 하루 보내세요.",5.30.토
220,69f9efb0db55791297637cbd,텍스트·콘텐츠형,5,"너무 맛남~
고기도 맛나고 찬들 곁들이 음식 다 맛남
밥도 맛나고 된장찌개도 맛남
간들도 삼삼하니 좋음~
어르신들도 많이 오시고 대가족분들 많았는데
고기 부들부들해서 어르신 입에도 맞을 듯~
점심시간 지난 후에 갔는데 대기 한참 있었는데 먹고 나니 다~잊어버림 
점심특선 알차고 좋았음~
고기 주문시 밥이랑 냉면류 무료였음~
가격도 착함 200g250g 단위에 그 가격이면 완죤 착함~",2026-05-05,2026-05-05,5.5.화,5.5.화,2026-05-05T13:25:04+00:00,1,이삐92,영수증,음식이 맛있어요 | 고기 질이 좋아요 | 메뉴 구성이 알차요 | 반찬이 잘 나와요 | 매장이 청결해요,"안녕하세요! 도화갈비입니다.

정성 가득한 후기 남겨주셔서 진심으로 감사합니다.

고기부터 반찬, 곁들임 음식, 솥밥과 된장찌개까지 맛있게 드셨다니 정말 기쁩니다. 간도 부담스럽지 않게 잘 맞으셨다고 말씀해 주셔서 더욱 보람을 느낍니다.

부드러운 고기 덕분에 어르신들도 편하게 드실 수 있을 것 같다는 말씀과 점심특선 구성이 알차고 좋았다는 평가에 감사드립니다. 대기 시간이 있었음에도 식사 후 만족하셨다니 더욱 힘이 됩니다.

도화갈비는 맛과 품질은 물론 합리적인 가격까지 만족하실 수 있도록 항상 노력하고 있습니다. 고객님께서 남겨주신 따뜻한 응원이 큰 힘이 됩니다.

앞으로도 가족, 친구, 지인들과 함께 편안하게 찾을 수 있는 도화갈비가 되겠습니다. 다시 한번 방문해 주셔서 감사드리며 좋은 하루 보내세요.",5.30.토
221,69fc6febabacde800aff8209,텍스트·콘텐츠형,0.5,"맛은있는데요 나머지는 아주 엉망진창입니다
시킨 메뉴는 나오지도 않고 시키지않은 메뉴만 들이밀고 그리고 주문할때 혼선이 생기지 않게 주문을 다 키오스크로만 받게 해주세요 냉면나오는데 한 오백년
아 그리고 냉면은 그냥 막국수같음 면도 엄청굵은게 냉면은 자고로 얇은면이 진리인것을...
그리고 상추쌈 없는게 아쉽더라고요",2026-05-07,2026-05-05,5.7.목,5.5.화,2026-05-07T10:56:43+00:00,1,토파즈2,영수증,잡내가 적어요,"안녕하세요! 도화갈비입니다.

소중한 후기 남겨주셔서 감사합니다.

음식 맛은 좋게 평가해 주셨지만 주문 및 메뉴 제공 과정에서 불편을 드린 점은 아쉽게 생각합니다. 주문하신 메뉴가 누락되거나 원하지 않은 메뉴가 제공된 부분, 그리고 냉면이 늦게 나온 점에 대해서는 고객님의 의견을 무겁게 받아들이고 있습니다.

또한 냉면의 면 식감과 쌈 채소 구성에 대한 의견도 꼼꼼히 확인했습니다. 고객님마다 선호하는 스타일이 다른 만큼 더욱 만족스러운 식사 경험을 제공할 수 있도록 참고하겠습니다.

남겨주신 의견은 운영팀과 공유하여 주문 시스템과 서비스 품질을 점검하고 개선하는 데 활용하겠습니다. 앞으로는 맛뿐만 아니라 서비스와 운영까지 만족하실 수 있는 도화갈비가 되도록 노력하겠습니다.

소중한 의견 감사합니다. 좋은 하루 보내세요.",5.30.토
222,6a33bb4ae6e00d5e7b123a86,텍스트·콘텐츠형,3,반찬 리필시 좀 불편했어요,2026-06-18,2026-05-04,6.18.목,5.4.월,2026-06-18T09:32:58+00:00,1,주멍이31,영수증,고기 질이 좋아요 | 매장이 넓어요 | 주차하기 편해요,,
223,69f8535306cd28b31e651b70,텍스트·콘텐츠형,4.5,"도화갈비 방문했어요 ㅎㅎ
돼지양념 갈비 맛있구요  
평양냉면  우와  육수가  너무 담백하고 맛있어요
그러나  함흥냉면 즐기시는분들은 ㅎㅎ  
잘먹고 갑니다",2026-05-04,2026-05-04,5.4.월,5.4.월,2026-05-04T08:05:39+00:00,1,kiwino3,영수증,음식이 맛있어요 | 인테리어가 멋져요 | 매장이 넓어요,"안녕하세요, 도화갈비입니다!
저희 매장을 방문해 주시고 기분 좋은 후기 남겨주셔서 진심으로 감사드립니다.

저희의 자랑인 돼지양념갈비를 맛있게 드셨다니 정말 뿌듯합니다! 
함흥냉면에 익숙하신 분들께는 평양냉면이 조금 낯설 수 있지만, 은근한 평양냉면의 매력이 저희 갈비와 만나면 기름진 맛을 깔끔하게 잡아주어 환상의 궁합이랍니다.

저희 도화갈비가 인천대형고기집인 만큼 넓고 쾌적한 공간에서 편안한 식사가 되셨기를 바라며, 앞으로도 변함없는 인천 고기 맛집으로 소중한 분들과 언제든 믿고 찾으실 수 있도록 맛과 서비스에 최선을 다하겠습니다. 
냉면과 갈비 조합이 생각나실 때 또 들러주세요. 감사합니다!",6.15.월
224,69f9418cdb557912979eca60,텍스트·콘텐츠형,3,"소고기는 꽃갈비 양념 갈비 맛이 아주 좋아요
돼지갈비는 다고 양념이 강해요 아이들은 좋아 하겠어요 저는 별로였어요 
주문시 키오스크만 이용하게 돼있는데 모니터 무지 작은게 벽에 고정돼 있어서 일행 모두 보기 어려워 주문하기가 무척 괴로웠어요 메뉴판을 추가로 만들어야 할 듯
오픈을 급하게 해서 그런지 직원분들 실수가 좀 있어 불편했습니다
다만 소고기 맛이 좋아서 좋았어요
냉면도 담백하고 좋았고 사이드 반찬 모두 맛있었어요",2026-05-05,2026-05-04,5.5.화,5.4.월,2026-05-05T01:02:04+00:00,1,짱이3468,영수증,음식이 맛있어요,,
225,69f6db5fff313c6e6cf5f818,텍스트·콘텐츠형,0.5,"아무리 오픈한지 얼마 안 된 곳이어도
방문했던 식당 중 서비스 최악입니다.

1. 12시 2분 돼지갈비 세트(솥밥1, 비냉2, 물냉1) 주문했으나 20분까지 반찬, 불판 등 기본셋팅 일절 없음
2. 솥밥이 나왔으나 밥이 설익음. 교체를 위해 벨을 4-5번 눌렀는데도 오는 직원이 없음
3. 30분이 되어도 갈비가 나오지 않아 벨 눌렀으나 여전히 무응답. 직접 직원 찾아가서 얘기함
4. 벨 눌러도 오는 사람이 없어 불판 셀프교체
5. 냉면 나오지 않아 두 차례 재촉. 벨 눌러도 오는 사람이 없어서 지나가는 직원을 붙잡고 왜 아무도 안 오냐고하니 자기 담당 구역이 아니라고 함
6. 고기 다 먹을 때까지 냉면 안 나와서 다시 재촉하니 그제서야 우리 냉면이 다른 테이블로 잘못 갔다고 함",2026-05-03,2026-05-03,5.3.일,5.3.일,2026-05-03T05:21:35+00:00,1,highview,영수증,매장이 넓어요 | 단체모임 하기 좋아요 | 주차하기 편해요,"안녕하세요 도화갈비 인천점입니다.
소중한 시간을 내어 방문해주셨음에도 불편을 드린 점 깊이 인지하고 있습니다.

말씀해주신 내용 하나하나 확인해보니 기본 세팅 지연, 벨 응대 미흡, 음식 제공 지연, 직원 안내 부족까지 매장 운영 전반에서 부족함이 있었다는 점을 무겁게 받아들이고 있습니다.

특히 식사를 기다리는 과정에서 여러 차례 불편을 겪으신 부분은 어떤 이유로도 정당화될 수 없는 부분이며 매장을 믿고 방문해주신 만큼 더욱 아쉬움을 느끼셨을 것이라 생각합니다.

현재 해당 내용은 전 직원과 공유하여
벨 응대 시스템, 담당 구역 안내, 음식 전달 프로세스를 전면 점검하고 있으며 동일한 상황이 반복되지 않도록 즉시 개선 조치를 진행하고 있습니다.

인천 대형 고기집으로서 많은 고객분들이 인천회식이나 인천 가족 모임하기 좋은 곳으로 믿고 찾아주시는 만큼, 기본적인 서비스부터 다시 바로잡겠습니다. 

불편을 겪게 해드린 점 다시 한번 무겁게 받아들이며 더 나은 모습으로 보답드리겠습니다.",5.4.월
226,69f5ef719b692a5dee046e27,텍스트·콘텐츠형,5,"새로 오픈한도화갈비!
돼지양념갈비는 목전지? 같아요. 양념은맛있었어요.
솥밥 맛있어요.추천! 양념갈비 주문할땐 상추도 있었으면
해요.
냉면이 아주 얇은 면인줄 알았는데 메밀면이라 아쉽고
평양식이라 간이 약해요. 육회도 일반적으로 식당에서 먹는 맛이 아니었어요(계란없음).
주류가격도 착한편이 아니고요.
대체적으로 특별한건 느끼지 못했어요ㅠㅠ
개선이 필요한듯해요.",2026-05-02,2026-05-02,5.2.토,5.2.토,2026-05-02T12:34:57+00:00,1,메일연대기,영수증,매장이 넓어요 | 단체모임 하기 좋아요 | 매장이 청결해요 | 친절해요 | 주차하기 편해요,,
227,69f5c7f7bd4ec8fba080b8c5,텍스트·콘텐츠형,5,"입장 했을때부터 공간이 고급져서 기분이 좋았어요~돼지갈비 육즙도 장난 아니어요~ ㅎ돼지갈비는 자꾸 태우는데 여기는 타기전에 골고루 빨리 구워지고,진짜 부드러워요~👍 주차도 편하고,밑반찬이 맛있어서 가족 모임하면 좋겠다 싶었는데~ 저렇게 모임 포토 공간이 똭 !!  평냉 러버인데~ 다시마 식초 넣어서 먹으니 해장이 저절로 ㅎㅎ 정신없이 고기 다 먹고 평냉 나왔는데,육전이 올라가 있어서 이 디테일 뭐냐고~ 😆 이제 인천 갈비는 도화갈비네요~~😋",2026-05-02,2026-05-02,5.2.토,5.2.토,2026-05-02T09:46:31+00:00,1,불량콩,영수증,음식이 맛있어요 | 고기 질이 좋아요 | 인테리어가 멋져요 | 매장이 넓어요 | 매장이 청결해요,"안녕하세요 도화갈비 인천점입니다!
고기의 맛을 좋게 봐주셔서 정말 감사합니다.

저희는 인천 대형 고기집으로서
항상 일정한 품질의 고기를 제공하기 위해 노력하고 있습니다.

인천회식이나 인천 가족 모임하기 좋은 곳으로
언제든 편하게 방문해주시길 바랍니다.
다음에도 만족스러운 식사로 보답하겠습니다!",5.4.월
228,69f71d7e0deeecf15c99a01c,텍스트·콘텐츠형,5,"인천 도화동에 새롭게 오픈한 대형 갈비집 ‘도화갈비’를 방문했습니다. 
한우 채끝등심부터 양념갈비까지 고기 퀄리티가 기대 이상으로 뛰어나고, 함께 나오는 반찬들도 하나하나 정성이 느껴져 전체적인 식사의 완성도를 높여줍니다. 
직원분들의 응대는 친절함이 기본이고, 매장 내부는 넓고 쾌적하게 관리되어 있어 식사 내내 편안한 분위기를 유지할 수 있었습니다. 
특히 호텔 수준의 로비와 화장실은 공간 자체의 품격을 느끼게 해주는 요소였습니다. 
300대 이상 수용 가능한 넉넉한 주차 공간 덕분에 방문 접근성도 좋고, 가족 외식이나 단체 모임 장소로도 충분히 매력적입니다. 
가격 대비 만족도가 높아 가성비까지 갖춘 곳이라 조만간 모임으로 재방문할 예정입니다. #도화갈비 #인천맛집 #인천갈비맛집",2026-05-03,2026-05-02,5.3.일,5.2.토,2026-05-03T10:03:42+00:00,1,즐거운디자이너,영수증,음식이 맛있어요 | 고기 질이 좋아요 | 가성비가 좋아요 | 인테리어가 멋져요 | 단체모임 하기 좋아요,"안녕하세요 도화갈비 인천점입니다!
고기의 맛을 좋게 봐주셔서 정말 감사합니다.

저희는 인천 대형 고기집으로서
항상 일정한 품질의 고기를 제공하기 위해 노력하고 있습니다.

인천회식이나 인천 가족 모임하기 좋은 곳으로
언제든 편하게 방문해주시길 바랍니다.
다음에도 만족스러운 식사로 보답하겠습니다!",5.4.월
229,69f5c55d565ae85eb8f3cf2c,텍스트·콘텐츠형,5,"근처에. 신규 오픈한 도화갈비에 가족의 날을 맞아 방문했습니다. 매장이 깔끔하고 넓어서 가족 외식하기 좋았어요. 무엇보다 고기가 정말 부드럽고 육즙이 살아 있어 만족도가 높았습니다. 반찬 종류도 다양하게 잘 나오고 하나하나 정갈했는데, 특히 물김치가 시원하고 맛있어서 계속 손이 갔습니다. 전반적으로 음식 퀄리티와 분위기 모두 좋아서 재방문 의사 있습니다.^^
그런데. 감자 샐러드에 올리브가 들어있어서 아들이 장난치고 안먹었어요.ㅋㅋ 엄마가 진한 머랄까 특유의. 동치미를 너무 좋아해요3그릇 리필했어요.^^
계속 해주셔서 감사해요 ^^",2026-05-02,2026-05-02,5.2.토,5.2.토,2026-05-02T09:35:25+00:00,1,빌게이츠 림,영수증,음식이 맛있어요 | 고기 질이 좋아요 | 특별한 메뉴가 있어요 | 인테리어가 멋져요 | 매장이 넓어요,"안녕하세요 도화갈비 인천점입니다!
가족과 함께 방문해주셔서 감사합니다.

인천 가족 모임하기 좋은 곳으로
아이와 함께 방문하시는 고객분들도
편하게 이용하실 수 있도록 준비하고 있습니다.

인천 대형 고기집으로서
가족 외식에도 좋은 기억으로 남을 수 있도록
더 노력하겠습니다. 또 뵙겠습니다!",5.4.월
230,69f5c4e021c08dd5d739fcdc,텍스트·콘텐츠형,5,,2026-05-02,2026-05-02,5.2.토,5.2.토,2026-05-02T09:33:20+00:00,1,BH 카라반68,영수증,고기 질이 좋아요 | 반찬이 잘 나와요 | 단체모임 하기 좋아요 | 인테리어가 멋져요 | 매장이 넓어요,"안녕하세요 도화갈비 인천점입니다!
소중한 방문과 정성스러운 리뷰 남겨주셔서 감사합니다.

인천 대형 고기집으로서 방문해주시는 모든 분들께
편안한 식사 시간을 드리기 위해 항상 노력하고 있습니다.

인천회식이나 인천 가족 모임하기 좋은 곳으로
다시 찾아주실 수 있도록 더 좋은 서비스로 보답하겠습니다.
다음 방문도 기대하겠습니다!",5.4.월
231,69f5c4febe78ed6e085b34a5,텍스트·콘텐츠형,5,"인천 맛집으로 새롭게 떠오르는 인천 도화동 맛집 도화갈비를 다녀왔습니다. 최근 새로 오픈한 곳이라 전체적으로 깔끔하고 쾌적한 분위기가 인상적이었고, 무엇보다 공간이 넓어서 답답함 없이 식사할 수 있었습니다. 고기 퀄리티가 상당히 좋아서 육즙과 식감 모두 만족스러웠고 가족 외식이나 모임 장소로도 손색이 없었습니다. 수유실이 따로 마련되어 있어 아이와 함께 방문하기에도 좋고 단체 예약석이 가능해 회식이나 각종 모임에도 적합합니다. 룸도 여러 개 준비되어 있어 프라이빗하게 식사를 즐길 수 있는 점도 큰 장점입니다. 전반적으로 편의성과 맛을 모두 잡은 인천 도화동 맛집이라 재방문 의사 충분합니다. 조만간 부모님 모시고.다시 찾고싶은 인천 맛집 도화갈비.정말 맛있게 잘 먹고갑니다.",2026-05-02,2026-05-02,5.2.토,5.2.토,2026-05-02T09:33:50+00:00,1,돈튀마,영수증,음식이 맛있어요 | 고기 질이 좋아요 | 특별한 메뉴가 있어요 | 매장이 넓어요 | 인테리어가 멋져요,"안녕하세요 도화갈비 인천점입니다!
매장 공간을 편하게 이용해주셔서 감사합니다.

넓고 쾌적한 환경은 인천 대형 고기집으로서
가장 중요하게 생각하는 부분입니다.

인천회식이나 인천 가족 모임하기 좋은 곳으로
여유 있게 이용하실 수 있도록 항상 준비하겠습니다.
다음 방문도 기다리고 있겠습니다!",5.4.월
232,69f5c6ea7eb4881029d38e0b,텍스트·콘텐츠형,5,"서울에서 왔는데 일단 주차장이 너무 좋아요. 주차하기가 편하고 아주 넓고 거대한 규모의 인천 대표 갈비 집입니다. 주안역에서도 가깝고 규모가 압도적
인테리어완전 고급지고 들어오는 순간 기분이 좋아요.
가족 모임이 있어서 도화역 맛집도 와 갈비에 오게 되었는데 새로 오픈해서 인지 모든 식기 와 매장 내부가 완전 깔끔하고 직원 분들도 친절하셔서 기분 좋은 가족 모임을 할 수 있었어요. 재방문 의사 1000 프로. 
도화갈비 짱이네요 ! 보러 가야지",2026-05-02,2026-05-02,5.2.토,5.2.토,2026-05-02T09:42:02+00:00,1,세인트폴1,영수증,음식이 맛있어요 | 고기 질이 좋아요 | 양이 많아요 | 단체모임 하기 좋아요 | 인테리어가 멋져요,"안녕하세요 도화갈비 인천점입니다!
주차 편의성까지 좋게 봐주셔서 감사합니다.

300여대 주차 가능한 주차장 완비로
방문하시는 모든 고객분들이 편하게 이용하실 수 있도록
항상 준비하고 있습니다.

인천회식이나 인천 가족 모임하기 좋은 곳으로
부담 없이 찾아주시면 좋겠습니다. 감사합니다!",5.4.월
233,69f5c4b0330173101b80e0a8,텍스트·콘텐츠형,5,"가족들이랑 외식하러 왔는데
기대이상 맛있네요.
고기는 연하고 반찬들도 다 정갈하니 정말 맛있었어요.
특히 마무리 냉면이 평양냉면 같아서
느끼함를 잡아주니 정말 좋네요.
오랜만에 맛난 식사 했어요.
인테리어가 군더더기 없이 깔끔해서
모임이나 잔치 할때 좋을 것 같아요.ㅎㅎㅎ",2026-05-02,2026-05-02,5.2.토,5.2.토,2026-05-02T09:32:32+00:00,1,지니쥬,영수증,음식이 맛있어요 | 고기 질이 좋아요 | 양이 많아요 | 인테리어가 멋져요 | 매장이 넓어요,"안녕하세요 도화갈비 인천점입니다!
가족과 함께 방문해주셔서 감사합니다.

인천 가족 모임하기 좋은 곳으로
아이와 함께 방문하시는 고객분들도
편하게 이용하실 수 있도록 준비하고 있습니다.

인천 대형 고기집으로서
가족 외식에도 좋은 기억으로 남을 수 있도록
더 노력하겠습니다. 또 뵙겠습니다!",5.4.월
234,69f5c623d51e883bbabee27b,텍스트·콘텐츠형,5,"새로 생긴 갈비집이라 한번 와봤는데. 규모가 어마어마하네요. 맛도 맛이지만 인테리어도 멋지고 다음에 가족들 데리고 와야 겠어여 
가족외식이나 모임있을때 추천할만한 곳입니다. 
맛있게 잘먹었습니다.",2026-05-02,2026-05-02,5.2.토,5.2.토,2026-05-02T09:38:43+00:00,1,만도리76,영수증,음식이 맛있어요 | 고기 질이 좋아요 | 양이 많아요 | 매장이 넓어요 | 인테리어가 멋져요,"안녕하세요 도화갈비 인천점입니다!
매장 공간을 편하게 이용해주셔서 감사합니다.

넓고 쾌적한 환경은 인천 대형 고기집으로서
가장 중요하게 생각하는 부분입니다.

인천회식이나 인천 가족 모임하기 좋은 곳으로
여유 있게 이용하실 수 있도록 항상 준비하겠습니다.
다음 방문도 기다리고 있겠습니다!",5.4.월
235,69f5c536adecdc6820aa9705,텍스트·콘텐츠형,4.5,"인천 가족회식 고기집을 찾다가 방문했어요.
업진살이 진짜 별미이니 꼭 드셔보세요.
후식으로 먹은 냉면은 평양냉면 스타일이라 깔끔해요.
인천 스파시스 자리가 이렇게 바뀌다니 놀라워요.
육회도 맛있고요. 주차도 편리하니 꼭 방문해보시기 바래요.",2026-05-02,2026-05-02,5.2.토,5.2.토,2026-05-02T09:34:46+00:00,1,별명9616,영수증,인테리어가 멋져요 | 매장이 넓어요 | 단체모임 하기 좋아요 | 매장이 청결해요 | 주차하기 편해요,"안녕하세요 도화갈비 인천점입니다!
가족과 함께 방문해주셔서 감사합니다.

인천 가족 모임하기 좋은 곳으로
아이와 함께 방문하시는 고객분들도
편하게 이용하실 수 있도록 준비하고 있습니다.

인천 대형 고기집으로서
가족 외식에도 좋은 기억으로 남을 수 있도록
더 노력하겠습니다. 또 뵙겠습니다!",5.4.월
236,69f5c49b157caeeee0b044a4,텍스트·콘텐츠형,5,"인천에서 제대로 된 갈비 맛집 찾다가 방문한 도화갈비 인천점은 기대 이상이었습니다. 돼지갈비는 양념이 과하지 않고 고기 본연의 풍미가 살아 있어서 계속 손이 갔고, 꽃갈비는 부드러움이 정말 인상적이었어요. 함께 주문한 냉면은 고기와 궁합이 좋아서 입안을 깔끔하게 정리해주고, 돌솥밥은 마지막까지 따뜻하게 즐길 수 있어 만족도가 높았습니다. 매장 분위기도 깔끔하고 직원분들 응대도 친절해서 식사하는 내내 기분이 좋았어요. 다음에 인천 오면 재방문하고 싶은 곳입니다
인천 도화갈비는 가족모임이나 소모임 단체모임 모두가능해서 추천드립니다 주차가 너무 편하고 전체적으로 깔끔하고 고급스럽습니다 고기질이 최고라서 감동~~",2026-05-02,2026-05-02,5.2.토,5.2.토,2026-05-02T09:32:11+00:00,1,리얼페이스 김원장,영수증,음식이 맛있어요 | 고기 질이 좋아요 | 매장이 넓어요 | 단체모임 하기 좋아요 | 주차하기 편해요,"안녕하세요 도화갈비 인천점입니다!
고기의 맛을 좋게 봐주셔서 정말 감사합니다.

저희는 인천 대형 고기집으로서
항상 일정한 품질의 고기를 제공하기 위해 노력하고 있습니다.

인천회식이나 인천 가족 모임하기 좋은 곳으로
언제든 편하게 방문해주시길 바랍니다.
다음에도 만족스러운 식사로 보답하겠습니다!",5.4.월
237,69f5c5468000604a17f924f8,텍스트·콘텐츠형,5,"고기 진짜 부드럽고 꼬소해요!!!!
좌석도 넘 편하구여 화장실 완전 고급스럽고 깨끗합니다(셀카맛집)~~ 후식은 된찌랑 비냉 추천이요 마싯서욤",2026-05-02,2026-05-02,5.2.토,5.2.토,2026-05-02T09:35:02+00:00,1,Heize93,영수증,반찬이 잘 나와요 | 인테리어가 멋져요 | 주차하기 편해요 | 화장실이 깨끗해요,"안녕하세요 도화갈비 인천점입니다!
고기의 맛을 좋게 봐주셔서 정말 감사합니다.

저희는 인천 대형 고기집으로서
항상 일정한 품질의 고기를 제공하기 위해 노력하고 있습니다.

인천회식이나 인천 가족 모임하기 좋은 곳으로
언제든 편하게 방문해주시길 바랍니다.
다음에도 만족스러운 식사로 보답하겠습니다!",5.4.월
238,69f5c49c5b7229e0019e4a76,텍스트·콘텐츠형,5,"새로 오픈했다는 소문을 듣고 지인과 방문했는데 도화꽃갈비도 맛있고 양념꽃갈비도 너무 맛있게 먹었어요.
매장의 인테리어도 훌륭하고 룸이 많아 단체로와도 좋을것 같아요.",2026-05-02,2026-05-02,5.2.토,5.2.토,2026-05-02T09:32:12+00:00,1,가드너71,영수증,고기 질이 좋아요 | 인테리어가 멋져요 | 매장이 넓어요 | 단체모임 하기 좋아요 | 주차하기 편해요,"안녕하세요 도화갈비 인천점입니다!
고기의 맛을 좋게 봐주셔서 정말 감사합니다.

저희는 인천 대형 고기집으로서
항상 일정한 품질의 고기를 제공하기 위해 노력하고 있습니다.

인천회식이나 인천 가족 모임하기 좋은 곳으로
언제든 편하게 방문해주시길 바랍니다.
다음에도 만족스러운 식사로 보답하겠습니다!",5.4.월
239,69f2f141f8a46697072666da,텍스트·콘텐츠형,5,"오늘 도화갈비인천점에 처음으로 방문했어요
정식오픈은 내일이라네요^^
딸이랑 둘이서 도화양념꽃갈비를 3인분이나
먹었네요 완전맛있어요 강추!
런치메뉴에 갈비1인분에 솥밥/냉먼
하나 고를수있었구요
분위기좋고 깨끗하고 무엇보다도
직원분들 친절함에 잘 대접받은
기분이 최고였습니다
도화갈비인천점 대박나세요😁",2026-04-30,2026-04-30,4.30.목,4.30.목,2026-04-30T06:05:53+00:00,1,his****,영수증,고기 질이 좋아요 | 음식이 맛있어요 | 반찬이 잘 나와요 | 매장이 넓어요 | 친절해요,"안녕하세요 도화갈비 인천점입니다!
가족과 함께 방문해주셔서 감사합니다.

인천 가족 모임하기 좋은 곳으로
아이와 함께 방문하시는 고객분들도
편하게 이용하실 수 있도록 준비하고 있습니다.

인천 대형 고기집으로서
가족 외식에도 좋은 기억으로 남을 수 있도록
더 노력하겠습니다. 또 뵙겠습니다!",5.4.월
240,6a92589cca68c7c99e1847a4,키워드·별점형,5,,,2026-08-29,,8.29.í ,2026-08-29T03:57:16+00:00,1,,ììì¦,ììì´ ë§ìì´ì | ê³ ê¸° ì§ì´ ì¢ìì | ì¸íë¦¬ì´ê° ë©ì ¸ì | ë§¤ì¥ì´ ëì´ì,,
241,6a9024e568e2d2c605881bda,키워드·별점형,5,,,2026-08-27,,8.27.ëª©,2026-08-27T11:52:05+00:00,1,,ììì¦,ììì´ ë§ìì´ì | ì¸íë¦¬ì´ê° ë©ì ¸ì | ì£¼ì°¨íê¸° í¸í´ì,,
242,6a8fd4b69e2c9d74287779fc,키워드·별점형,5,,,2026-08-27,,8.27.ëª©,2026-08-27T06:09:58+00:00,3,,ììì¦,ê°ì±ë¹ê° ì¢ìì,,
243,6a8c0e439b06ae9913e479bb,키워드·별점형,5,,,2026-08-24,,8.24.ì,2026-08-24T09:26:27+00:00,1,,ììì¦,,,
244,6a89199ba5596ea1cd62bb4f,키워드·별점형,5,,,2026-08-22,,8.22.í ,2026-08-22T03:38:03+00:00,1,,ììì¦,ììì´ ë§ìì´ì | ê³ ê¸° ì§ì´ ì¢ìì | í¹ë³í ë©ë´ê° ìì´ì,,
245,6a87e2235b8906b783a1a252,키워드·별점형,5,,,2026-08-21,,8.21.ê¸,2026-08-21T05:29:07+00:00,1,,ììì¦,ììì´ ë§ìì´ì | ê³ ê¸° ì§ì´ ì¢ìì | ìì´ ë§ìì,,
246,6a855441f8dfb3ac273cf189,키워드·별점형,4,,,2026-08-19,,8.19.ì,2026-08-19T06:59:13+00:00,1,,ììì¦,ììì´ ë§ìì´ì | ë§¤ì¥ì´ ëì´ì,,
247,6a813d5c13dd00263617c28c,키워드·별점형,3,,,2026-08-16,,8.16.ì¼,2026-08-16T04:32:28+00:00,1,,ììì¦,ê³ ê¸° ì§ì´ ì¢ìì | ì¸íë¦¬ì´ê° ë©ì ¸ì,,
248,6a7fee15dc573efd1f89dad3,키워드·별점형,4.5,,,2026-08-15,,8.15.í ,2026-08-15T04:41:57+00:00,1,,ììì¦,ììì´ ë§ìì´ì | ê³ ê¸° ì§ì´ ì¢ìì | ë§¤ì¥ì´ ëì´ì | ì¹ì í´ì | ì£¼ì°¨íê¸° í¸í´ì,,
249,6a7fecd16b763aac0766afbc,키워드·별점형,5,,,2026-08-15,,8.15.í ,2026-08-15T04:36:33+00:00,1,,ììì¦,ê³ ê¸° ì§ì´ ì¢ìì,,
250,6a7836c65339144829c431d6,키워드·별점형,5,,2026-08-09,2026-08-09,8.9.일,8.9.일,2026-08-09T08:13:58+00:00,1,js****,영수증,인테리어가 멋져요 | 매장이 넓어요 | 친절해요 | 매장이 청결해요 | 음식이 맛있어요,,
251,6a71a60f038c9b70adb46f44,키워드·별점형,5,,2026-08-04,2026-08-04,8.4.화,8.4.화,2026-08-04T08:42:55+00:00,1,유유유89,영수증,음식이 맛있어요 | 고기 질이 좋아요 | 인테리어가 멋져요 | 매장이 넓어요 | 단체모임 하기 좋아요,,
252,6a715bfbac28ba1b1b377d70,키워드·별점형,4.5,,2026-08-04,2026-08-04,8.4.화,8.4.화,2026-08-04T03:26:51+00:00,1,kys****,영수증,음식이 맛있어요 | 인테리어가 멋져요 | 친절해요,,
253,6a64950685b484151f168d60,키워드·별점형,4,,2026-07-25,2026-07-25,7.25.토,7.25.토,2026-07-25T10:50:46+00:00,1,hbj****,영수증,음식이 맛있어요,,
254,6a5c8323690e83542f13bc5e,키워드·별점형,5,,2026-07-19,2026-07-19,7.19.일,7.19.일,2026-07-19T07:56:19+00:00,1,coo****,영수증,음식이 맛있어요 | 고기 질이 좋아요 | 매장이 넓어요 | 인테리어가 멋져요 | 음식이 빨리 나와요,,
255,6a5c72e37a2e62d280f396f3,키워드·별점형,5,,2026-07-19,2026-07-18,7.19.일,7.18.토,2026-07-19T06:46:59+00:00,1,블랙멍키82,영수증,고기 질이 좋아요,,
256,6a56314ae26148112593e6ca,키워드·별점형,4.5,,2026-07-14,2026-07-14,7.14.화,7.14.화,2026-07-14T12:53:30+00:00,1,앙앙5040,영수증,음식이 맛있어요,,
257,6a5375dcf5feb1c73ccab624,키워드·별점형,5,,2026-07-12,2026-07-12,7.12.일,7.12.일,2026-07-12T11:09:16+00:00,1,0031300,영수증,음식이 맛있어요 | 고기 질이 좋아요 | 반찬이 잘 나와요,,
258,6a5201eb160a8b732ed44d0c,키워드·별점형,4.5,,2026-07-11,2026-07-11,7.11.토,7.11.토,2026-07-11T08:42:19+00:00,1,bam****,영수증,음식이 맛있어요 | 고기 질이 좋아요 | 인테리어가 멋져요 | 매장이 넓어요 | 친절해요,,
259,6a4e2c629adfab3c7cbd2a43,키워드·별점형,5,,2026-07-08,2026-07-08,7.8.수,7.8.수,2026-07-08T10:54:26+00:00,1,bok0****,영수증,음식이 맛있어요 | 인테리어가 멋져요 | 친절해요,,
260,6a4df6398dda0a2a74979494,키워드·별점형,5,,2026-07-08,2026-07-08,7.8.수,7.8.수,2026-07-08T07:03:21+00:00,1,송도68공구,영수증,음식이 맛있어요 | 고기 질이 좋아요 | 인테리어가 멋져요 | 매장이 넓어요 | 친절해요,,
261,6a49ef66906e2eab1398831d,키워드·별점형,5,,2026-07-05,2026-07-05,7.5.일,7.5.일,2026-07-05T05:45:10+00:00,1,평화 대민세,영수증,음식이 맛있어요 | 양이 많아요 | 뷰가 좋아요,,
262,6a477e66acdb3c67fdf4e05f,키워드·별점형,5,,2026-07-03,2026-07-03,7.3.금,7.3.금,2026-07-03T09:18:30+00:00,1,pin****,영수증,음식이 맛있어요 | 고기 질이 좋아요 | 양이 많아요 | 인테리어가 멋져요 | 매장이 넓어요,,
263,6a2013a5320a51b6465a6d75,키워드·별점형,4.5,,2026-06-03,2026-06-03,6.3.수,6.3.수,2026-06-03T11:44:37+00:00,1,자칭여우,영수증,음식이 맛있어요 | 매장이 넓어요 | 주차하기 편해요,,
264,6a16cfed773ce335f564c85b,키워드·별점형,4,,2026-05-27,2026-05-27,5.27.수,5.27.수,2026-05-27T11:05:17+00:00,1,김여수71,영수증,음식이 맛있어요 | 고기 질이 좋아요 | 매장이 넓어요 | 단체모임 하기 좋아요,"안녕하세요 도화갈비입니다.

맛있게 드시고 좋은 리뷰 남겨주셔서 감사합니다.
다음에 오실땐 이 날보다 더욱 만족하실 수 있도록 최선을 다 하는 도화갈비가 되겠습니다.^^ 
행복한일 가득한 하루 되세요",5.30.토
265,6a22886b635c22930a615d73,키워드·별점형,2,,2026-06-05,2026-05-27,6.5.금,5.27.수,2026-06-05T08:27:23+00:00,1,귀요미 이방,영수증,인테리어가 멋져요,,
